Vertex,Friend_of_Friend
R15,恋愛的ハピエン無し
R15,恋人
R15,学校生活
R15,争奪戦
R15,元サヤなし
R15,意味不明な義妹
R15,ヒロインの母
R15,ご飯
R15,意地悪義妹
R15,紛らわしい
R15,最強の護衛
R15,ワクチン
R15,しごでき
R15,仮面夫婦
R15,現実的な野望
R15,ＴＳ
R15,改変派
R15,若干ほのぼの
R15,開発
R15,とりあえず一発殴る
R15,離縁
R15,女性向け
R15,わりと暴力で解決
R15,謎宣言返し
R15,妻
R15,両者視点
R15,影の英雄
R15,おばあちゃんの知恵
R15,婚約破棄後の話
R15,実は美少女
R15,押し付け合い
R15,「察して」NG
R15,クーデレ
R15,主人公二人
R15,ざまぁは微妙
R15,逃亡
R15,家出
R15,実家では冷遇
R15,エンターテイメント
R15,事故物件
R15,蝶・蜘蛛・雀・蛇・狼
R15,HJ2021
R15,NL
R15,借金
R15,コメディ要素あり
R15,逆ハーレム
R15,学生
R15,虐待されて育った少女
R15,ミリタリー
R15,土下寝
R15,転生令嬢
R15,ビターエンド？
R15,悪役令嬢人生やり直し
R15,ここから巻き返せるか
R15,ひと時のことと
R15,傍観者
R15,夫の浮気→離婚
R15,メイド
R15,成長系
R15,策略
R15,隠し子
R15,捨て子
R15,原作厨
R15,ネトコン１２感想
R15,鑑定スキル
R15,友人
R15,恋愛要素は薄い
R15,運命の人？
R15,若返り
R15,記憶喪失
R15,人材育成
R15,後妻
R15,義弟
R15,サレ妻になりたくない
R15,手紙
R15,回復要員（物理）
R15,切り替えは早い
R15,長い片思い
R15,これもざまぁ？
R15,婚約者は無の境地
R15,信長の○望風
R15,シリアス風味
R15,反射
R15,チートなし
R15,毒と薬
R15,妖精猫
R15,侯爵
R15,推し
R15,狼
R15,特殊性癖
R15,思春期真っ只中
R15,ショートショート
R15,頑張る主人公
R15,恋愛無し
R15,バカ王子
R15,壁追加しておきますね
R15,スカッと
R15,両親と姉はクズ
R15,平行世界
R15,戦い
R15,下剋上
R15,逆断罪
R15,離婚前提
R15,思い込み
R15,ファンタジー風
R15,スタンピード
R15,幸せな結婚？
R15,村娘の怒り
R15,実験体
R15,ギャグ・コメディ
R15,長女
R15,虐げ
R15,お嬢様
R15,後書きざまぁ
R15,男爵令嬢の登場
R15,ウサギ
R15,美貌の王子
R15,バッドエンド？
R15,コメディ寄り
R15,熊バッジ
R15,回避
R15,悪役阻止
R15,ヤンキー
R15,仕事
R15,ダメ夫
R15,小動物
R15,魔術学校
R15,手紙や贈り物
R15,佳作
R15,どうぞどうぞ
R15,生産加工
R15,実験
R15,没落貴族
R15,助言
R15,乙女小説
R15,推し活
R15,ワーカホリック
R15,王妃
R15,婚約指輪と
R15,白い結婚？
R15,伯爵
R15,アイドル
R15,乙女向け小説
R15,婚姻無効
R15,辺境の漢
R15,愛することはない
R15,瘴気
R15,領域展開
R15,攻略対象は優良物件
R15,強い女性
R15,百合
R15,自衛隊
R15,料理できない人もいる
R15,探偵霊嬢
R15,訳有り
R15,一途なワンコ系女子
R15,姉妹（毒姉）
R15,めざします
R15,経済
R15,旅たち
R15,強い主人公
R15,作り話
R15,胸糞展開含
R15,初恋拗らせ
R15,反省したヒーロー
R15,心奪われる
R15,豹変する主人公
R15,幸せな結婚
R15,疑似家族
R15,ブラック職場
R15,OVL大賞9
R15,ざまぁはないです
R15,修道士
R15,魔力
R15,VTuber
R15,なろうRaWi
R15,微エロ
R15,今も続く建国神話
R15,悪役令嬢ではない
R15,王
R15,王子、王
R15,追放後
R15,ヘタレな元夫
R15,義娘
R15,複雑な気持ち
R15,田舎者
R15,ある意味足の
R15,兄妹
R15,仲間意識
R15,研究者
R15,無自覚天才
R15,夫はクズで愚か
R15,謎宣言
R15,サバサバ
R15,タイトルガチャ
R15,魔法のある世界
R15,恋愛脳
R15,溺愛（猫）
R15,かなわぬ恋
R15,プロポーズ
R15,早く別れなさいよ
R15,結果オーライ
R15,訳アリ婚
R15,基本的に明るい話
R15,側妃
R15,夫は後悔
R15,ウブな夫婦
R15,片思い
R15,集英社小説大賞2
R15,氷の貴公子
R15,恋
R15,心通わす
R15,転生？
R15,死別
R15,アクション／バトル
R15,ラブロマンス
R15,護衛騎士
R15,時々シリアス
R15,無言の二人
R15,王太后応援企画
R15,力こそパワー
R15,格差姉妹
R15,not婚約解消
R15,ドアマット？
R15,まめまめまめまめ王子
R15,病
R15,男女逆転憑依
R15,ハンター
R15,残念ヒロイン
R15,ネット小説大賞九
R15,強制力
R15,お互い深読み
R15,隠し妻
R15,悪役令嬢の母
R15,獣化
R15,王太子、王
R15,盗む女
R15,断罪？
R15,第二王子
R15,西洋風異世界
R15,ほっこり
R15,継母
R15,正体を隠す
R15,本当の悪は因果応報
R15,重たすぎる片思い
R15,ギャフン
R15,疫病
R15,ヒーローはゴリクマ
R15,ライトノベル
R15,義理の姉弟
R15,出番ほぼなしの監督局
R15,完結
R15,婚約破棄（公爵が)
R15,欲しがり妹
R15,頭脳戦
R15,猫はお風呂嫌い
R15,商会
R15,恋するヒロイン
R15,ピンク髪ヒロイン
R15,呪い
R15,がうがうコン1
R15,嘘の求婚
R15,ベッドふっかふっか
R15,和風もアリ
R15,自業自得
R15,胸糞注意
R15,領地運営
R15,令嬢は冷静
R15,他の人物はほぼ背景
R15,野生児
R15,姉の婚約者
R15,手遅れ
R15,爆走
R15,主人公は別れられない
R15,口下手令嬢
R15,甘やかしたい
R15,スパダリ
R15,卒業
R15,義理の息子
R15,ゲーム世界転生
R15,蟹
R15,あなたを想う
R15,意気投合
R15,王子様
R15,侯爵パパは腹黒
R15,無情
R15,最終的に絆される
R15,勇気
R15,ヒドイン
R15,ネコトン１２感想
R15,政略
R15,殺人鬼
R15,ぽっちゃり
R15,見えないから仕方ない
R15,スルー力
R15,狩人
R15,繊細な婚約者
R15,最強主人公（徐々に）
R15,コメディー要素あり
R15,教師
R15,30代カップル
R15,両想いになるらしい
R15,蛇注意
R15,タイムマシン
R15,邪魔者は消えろ
R15,短編
R15,我慢する
R15,婚約破棄はしない
R15,博士
R15,頭の中がうるさい
R15,ちょっとざまぁかも？
R15,戦争シーンあり
R15,ヒーロー拗らせ
R15,どんでん返し
R15,海神
R15,余命
R15,幽閉
R15,執着愛
R15,ガチャコン２
R15,憑依
R15,守銭奴
R15,義母
R15,ご飯が美味しい
R15,魔法薬師
R15,特殊な家庭育ち
R15,バカ殿
R15,お忍びの王子
R15,最強魔導師
R15,祖父よりも年上の人
R15,王女、王子
R15,尊い
R15,ざまぁ/ざまあ
R15,日常の幸せ
R15,罪の意識
R15,呪われたヒーロー
R15,婿入り
R15,ある意味ざまぁ
R15,近づく二人
R15,日本文化
R15,ヒロイン最強説
R15,転生王子
R15,失恋
R15,悪役姉妹の確執
R15,もふもふ要素あり
R15,魔法のある世界の貴族
R15,魔術
R15,女性視点
R15,王太子妃の座
R15,没落令嬢
R15,嫌みな婚約者
R15,偶像
R15,おいちーはしわわせ
R15,タイムトラベル
R15,超能力
R15,妻は自力で幸せに
R15,二度目は一途
R15,卒業パーティ
R15,タイムループ
R15,not婚約破棄
R15,映画スター
R15,スパダリは育てるもの
R15,出涸らし皇子
R15,書籍化進行中
R15,鈍感過ぎる
R15,裏切り
R15,ポーション
R15,嫁ぐ
R15,ちょっとざまぁ
R15,蝶
R15,弱小
R15,騙されやすい
R15,前向き遺伝子ヒロイン
R15,ヒロイン
R15,後悔
R15,まぁそうなる
R15,不遇スキル
R15,別視点
R15,小説
R15,村娘
R15,主従愛
R15,異世界恋愛小説
R15,ヤングケアラー
R15,抹茶
R15,元妻は幸せに
R15,ドアマットヒロイン？
R15,花粉症
R15,クズ王子
R15,母性
R15,王国特殊法
R15,東洋でも西洋でも可
R15,暴走
R15,剛腕解釈
R15,婚約者のち夫婦
R15,家族以外みんないい人
R15,不遇なイケメン
R15,ＢＬ
R15,一目惚れ（公爵が)
R15,ギャップ萌え
R15,平和的で健全
R15,毒母
R15,病弱令嬢
R15,貴族令嬢
R15,妹溺愛
R15,ｓ
R15,不憫属性ヒーロー
R15,国王
R15,白衣
R15,ダメな見習い神様
R15,日本軍
R15,欠落人間
R15,ガチの悪役
R15,自分勝手
R15,幼馴染
R15,自分のできること
R15,異世界ファンタジー
R15,作者はアホの子
R15,愛し愛されたい
R15,ちょい奇跡
R15,不憫な令息
R15,愛し子
R15,主人公強め
R15,師匠が鬼
R15,チョロイン
R15,廃嫡王太子
R15,帝位争い
R15,騎士団
R15,考え事
R15,冤罪
R15,できる男認定
R15,開きそうになる
R15,姉がヒロイン
R15,公爵様
R15,多分ハッピーエンド
R15,予想外のざまぁ
R15,正義は勝つ
R15,拗らせヒーロー
R15,暗躍
R15,魔術を極める
R15,ご都合展開多少あり
R15,異能転生の秘術
R15,剣術大会
R15,祝福スキル
R15,元夫はそれなりで
R15,ざまぁ／ざまあ
R15,転移
R15,ヒーローは誠実
R15,サイコパス
R15,明るめの話を
R15,婚約解消を画策
R15,OVL大賞7
R15,花粉は宿敵
R15,上官ざまぁ
R15,戦争
R15,父がそこそこダメ親父
R15,会話なし
R15,無自覚モラハラ夫
R15,乙女ゲーム開始前
R15,ざまぁの寸前
R15,虐め
R15,婚約者はクソ野郎様
R15,留学
R15,和菓子
R15,猫人
R15,子供が主人公の為
R15,溺愛する女の子
R15,婚約者の相手を探す
R15,伯爵パパは泣き虫
R15,雑学
R15,相手的には婚約破棄
R15,自責の念
R15,片思いからの
R15,田舎の村
R15,アイテム
R15,脳筋令嬢
R15,電波系？
R15,ESN大賞３
R15,しない
R15,ライト文芸賞2MF
R15,外交官
R15,クズ婚約者
R15,病気
R15,別れ
R15,脇役？
R15,魅了が解けた後
R15,腕時計の交換
R15,未知のヒロイン
R15,人間やめます
R15,になるといいな
R15,眼鏡
R15,まだ十二歳のはず
R15,侯爵家
R15,恋愛まで辿り着かない
R15,ボーイズラブ
R15,ブロマンス
R15,形式上の結婚
R15,ｋ
R15,拗らせてる
R15,ハーレム環境
R15,研究
R15,年下ヒーロー
R15,怒涛の展開
R15,優秀な弟
R15,義姉
R15,都会の女
R15,虐げられ
R15,いずれは尽くし系男子
R15,蛇出ずっぱり
R15,碌な男が居ない
R15,辺境追放
R15,余りもの令息
R15,処刑シーンあり
R15,ヘタレ
R15,馬鹿な男の失敗談
R15,ヒロインはヒドイン
R15,大体バッドエンド
R15,巫女
R15,負け展開なし
R15,愛されなかった妻
R15,不出来な兄
R15,ドアマット拒否
R15,嫁ぎ先は天国？
R15,帝国
R15,お金
R15,聖女がわりに神女
R15,不屈の精神
R15,らぶらぶ？
R15,by.みこと。
R15,聖女召喚
R15,悪役王子
R15,悪役令嬢未満
R15,ざまぁ要素
R15,チートスキル
R15,新婚
R15,子供の頃の婚約
R15,苦労人王子
R15,ガダルカナル島
R15,真のヒーローは不在
R15,第一王子
R15,ピンクブロンドの
R15,知識チート
R15,何かの扉が
R15,正反対の姉妹
R15,女主人公/一人称
R15,ラブラブ
R15,義姉弟
R15,筆頭執事
R15,ラブコメ（笑）
R15,無自覚最強
R15,断られる
R15,鈍感
R15,男爵令嬢
R15,ヒロインは現実主義
R15,幼女転生
R15,ヒーローは一度目浮気
R15,上司
R15,初恋成就
R15,子育て
R15,前向き
R15,不倫
R15,神話/民話
R15,ギャルゲー
女主人公,妹
女主人公,学校生活
女主人公,菩薩系ヒロイン
女主人公,元サヤなし
女主人公,意味不明な義妹
女主人公,いずれ主人公最強
女主人公,ヒロインの母
女主人公,紛らわしい
女主人公,進化
女主人公,コンビニ
女主人公,姉妹の格差
女主人公,最強の護衛
女主人公,ワクチン
女主人公,ミリタリー/戦争
女主人公,仮面夫婦
女主人公,現実的な野望
女主人公,ＴＳ
女主人公,改変派
女主人公,若干ほのぼの
女主人公,心の救済
女主人公,王弟殿下
女主人公,離縁
女主人公,やはり権力
女主人公,謎宣言返し
女主人公,動物と会話できる
女主人公,両者視点
女主人公,影の英雄
女主人公,二章は旦那いる
女主人公,押し付け合い
女主人公,「察して」NG
女主人公,人外主人公
女主人公,ゲーム開始前
女主人公,主人公二人
女主人公,ざまぁは微妙
女主人公,実家では冷遇
女主人公,エンターテイメント
女主人公,賢者
女主人公,蝶・蜘蛛・雀・蛇・狼
女主人公,レベルアップ
女主人公,剣聖
女主人公,聖女最強
女主人公,NL
女主人公,師匠と弟子
女主人公,成り上がられる側
女主人公,魔法料理
女主人公,帰還後の話
女主人公,発展スキル
女主人公,高校生
女主人公,バッドエンド
女主人公,不遇
女主人公,攻略対象者
女主人公,学生
女主人公,醸造
女主人公,独自生物
女主人公,枕営業
女主人公,群像
女主人公,虐待されて育った少女
女主人公,ステータス
女主人公,ミリタリー
女主人公,土下寝
女主人公,ちょい嫉妬
女主人公,ここから巻き返せるか
女主人公,ひと時のことと
女主人公,傍観者
女主人公,夫の浮気→離婚
女主人公,メイド
女主人公,成長系
女主人公,曇らせ
女主人公,策略
女主人公,オリジナルチャート
女主人公,原作厨
女主人公,和風
女主人公,辺境
女主人公,ざまぁ有り
女主人公,鑑定スキル
女主人公,友人
女主人公,電脳世界
女主人公,恋愛要素は薄い
女主人公,記憶喪失
女主人公,TS転生
女主人公,人材育成
女主人公,後妻
女主人公,領地発展
女主人公,罪に問われる
女主人公,縛りプレイ
女主人公,サレ妻になりたくない
女主人公,手紙
女主人公,非暴力
女主人公,残酷な描写
女主人公,回復要員（物理）
女主人公,女性主役
女主人公,元魔王
女主人公,ESN大賞５
女主人公,切り替えは早い
女主人公,異種族
女主人公,異能
女主人公,氷属性
女主人公,これもざまぁ？
女主人公,婚約者は無の境地
女主人公,女子高生
女主人公,信長の○望風
女主人公,チートなし
女主人公,かわいい
女主人公,主人公最強(いずれ)
女主人公,イチャイチャ
女主人公,寝取り
女主人公,時代小説
女主人公,侯爵
女主人公,元傭兵
女主人公,推し
女主人公,狼
女主人公,思春期真っ只中
女主人公,頑張る主人公
女主人公,隙だらけの聖女様
女主人公,ツンツンデレ
女主人公,時々ダンジョン配信
女主人公,バカ王子
女主人公,壁追加しておきますね
女主人公,ズタボロな後悔
女主人公,両親と姉はクズ
女主人公,公爵令嬢ヒロイン
女主人公,平行世界
女主人公,戦い
女主人公,下剋上
女主人公,入院
女主人公,有能なのは周囲
女主人公,ほんのりダーク
女主人公,やがて主人公最強
女主人公,スペースオペラ
女主人公,逆断罪
女主人公,離婚前提
女主人公,先祖が転生者
女主人公,ギャグ・コメディ
女主人公,幸せな結婚？
女主人公,いずれ強者
女主人公,実験体
女主人公,虐げ
女主人公,お嬢様
女主人公,男爵令嬢の登場
女主人公,戦術
女主人公,美貌の王子
女主人公,聖獣
女主人公,コメディ寄り
女主人公,熊バッジ
女主人公,悪役阻止
女主人公,ささやかな幸せ
女主人公,トラバサミ系ヒロイン
女主人公,竜人
女主人公,キモチワルイ人注意報
女主人公,魔石
女主人公,求：不老長寿
女主人公,魔術学校
女主人公,エリートだけど
女主人公,ホームドラマ？
女主人公,手紙や贈り物
女主人公,佳作
女主人公,ヒロイン最強
女主人公,どうぞどうぞ
女主人公,手なづける
女主人公,可愛い
女主人公,義両親
女主人公,突然のコメディー
女主人公,実験
女主人公,ネット小説賞感想希望
女主人公,助言
女主人公,乙女小説
女主人公,暗号文書
女主人公,推し活
女主人公,ワーカホリック
女主人公,婚約指輪と
女主人公,バズる
女主人公,白い結婚？
女主人公,やきもち焼き
女主人公,アイドル
女主人公,異世界/ファンタジー
女主人公,辺境の漢
女主人公,剣と魔法
女主人公,瘴気
女主人公,召喚士
女主人公,領域展開
女主人公,コミック
女主人公,攻略対象は優良物件
女主人公,自衛隊
女主人公,料理できない人もいる
女主人公,美形
女主人公,ヘタレ男子
女主人公,ゲーム世界への転生
女主人公,恵まれた生まれ（傀儡
女主人公,訳有り
女主人公,一途なワンコ系女子
女主人公,DV
女主人公,姉妹（毒姉）
女主人公,中世風
女主人公,旅たち
女主人公,魅了魔法
女主人公,フィジカル
女主人公,作り話
女主人公,胸糞展開含
女主人公,城で働く人々
女主人公,異世界移動系
女主人公,心奪われる
女主人公,豹変する主人公
女主人公,君を愛さない
女主人公,魔法xプログラム
女主人公,元貴族
女主人公,疑似家族
女主人公,スキル制
女主人公,ざまぁ要素あり
女主人公,ラブコメ要素
女主人公,悪役令嬢はどっち？
女主人公,ワイン
女主人公,パーティー追放
女主人公,ざまぁはないです
女主人公,修道士
女主人公,VTuber
女主人公,ペットが最強
女主人公,勇者と魔王
女主人公,姉妹差
女主人公,才女な令嬢
女主人公,前向き主人公
女主人公,クズ姉妹
女主人公,なんちゃって内政
女主人公,なろうRaWi
女主人公,微エロ
女主人公,義兄
女主人公,つよつよメンタル
女主人公,今も続く建国神話
女主人公,戦略
女主人公,悪役令嬢ではない
女主人公,迷宮
女主人公,王子、王
女主人公,追放後
女主人公,田舎者
女主人公,かわいいは正義
女主人公,ある意味足の
女主人公,意識を失う
女主人公,仲間意識
女主人公,研究者
女主人公,謎宣言
女主人公,タイトルガチャ
女主人公,それは詐欺です
女主人公,魔法のある世界
女主人公,許されない父
女主人公,計略
女主人公,恋愛脳
女主人公,溺愛（猫）
女主人公,大型犬
女主人公,NTR
女主人公,かなわぬ恋
女主人公,トラウマ
女主人公,国家/民族
女主人公,剣
女主人公,早く別れなさいよ
女主人公,暴力
女主人公,訳アリ婚
女主人公,基本的に明るい話
女主人公,不本意ながらハーレム
女主人公,ウブな夫婦
女主人公,片思い
女主人公,チート有り
女主人公,体格差
女主人公,国家
女主人公,訳あり求愛
女主人公,氷の貴公子
女主人公,葡萄・ブドウ栽培
女主人公,恋
女主人公,心通わす
女主人公,おっさん・アラサー
女主人公,ハーレム
女主人公,魔法具・魔導具
女主人公,貴族夫婦のありかた
女主人公,少女
女主人公,転生？
女主人公,ゲーム能力
女主人公,ネット小説大賞
女主人公,アクション／バトル
女主人公,護衛騎士
女主人公,無言の二人
女主人公,やられたらやり返す
女主人公,双刃剣
女主人公,王太后応援企画
女主人公,ピヨちゃん
女主人公,力こそパワー
女主人公,エセ科学
女主人公,姉
女主人公,まめまめまめまめ王子
女主人公,男女逆転憑依
女主人公,絡み合う視線
女主人公,城勤め
女主人公,鑑定
女主人公,ハンター
女主人公,残念ヒロイン
女主人公,ネット小説大賞九
女主人公,強制力
女主人公,お互い深読み
女主人公,軍人
女主人公,田舎
女主人公,明確な
女主人公,特別なスライム
女主人公,悪役令嬢の母
女主人公,王太子、王
女主人公,神ゲー
女主人公,アレルギー体質
女主人公,ESN大賞２
女主人公,地球⇔異世界
女主人公,最強
女主人公,重たすぎる片思い
女主人公,レベル
女主人公,まさかの
女主人公,疫病
女主人公,独自攻略（オリチャー
女主人公,軍師
女主人公,酷い言葉を告げる
女主人公,おうましゃん
女主人公,お飾りの妻
女主人公,ライトノベル
女主人公,デスゲーム
女主人公,出番ほぼなしの監督局
女主人公,義理の姉弟
女主人公,無機物転生
女主人公,虐待
女主人公,平凡
女主人公,クズ王太子
女主人公,婚約破棄（公爵が)
女主人公,頭脳戦
女主人公,猫はお風呂嫌い
女主人公,生産系・クラフト系
女主人公,不憫可愛い聖女様
女主人公,ピンク髪ヒロイン
女主人公,森の中での暮らし
女主人公,幼児
女主人公,呪い
女主人公,嘘の求婚
女主人公,和風もアリ
女主人公,責任は誰が取る？
女主人公,自業自得
女主人公,夜中に飛び起きる
女主人公,手掛かりはドレス
女主人公,虐待表現あり
女主人公,胸糞注意
女主人公,飛行船
女主人公,義妹に婚約者を
女主人公,悪魔
女主人公,領地運営
女主人公,10歳の娘
女主人公,他の人物はほぼ背景
女主人公,野生児
女主人公,対人スキルが
女主人公,公爵令息
女主人公,甘やかしたい
女主人公,転皇でした
女主人公,義理の息子
女主人公,ゲーム世界転生
女主人公,蟹
女主人公,コメディー
女主人公,あなたを想う
女主人公,侯爵パパは腹黒
女主人公,無情
女主人公,勇気
女主人公,政略
女主人公,ある意味最強
女主人公,冷遇
女主人公,殺人鬼
女主人公,ぽっちゃり
女主人公,見えないから仕方ない
女主人公,スルー力
女主人公,狩人
女主人公,エイリアン
女主人公,人外転生
女主人公,番解消
女主人公,のじゃロリ神
女主人公,最強主人公（徐々に）
女主人公,コメディ風味
女主人公,宮廷
女主人公,30代カップル
女主人公,前世の知識
女主人公,ジョブ
女主人公,蛇注意
女主人公,ユニークスキル
女主人公,筋肉
女主人公,タイムマシン
女主人公,邪魔者は消えろ
女主人公,我慢する
女主人公,レアスキル
女主人公,婚約破棄はしない
女主人公,道端の石ころ
女主人公,基本ラブコメ
女主人公,暗殺者
女主人公,俺TUEEE
女主人公,美しい騎士
女主人公,戦争シーンあり
女主人公,冒険の旅
女主人公,掲示板
女主人公,飯テロ
女主人公,ヒーロー拗らせ
女主人公,辺境伯
女主人公,ちょっと歳の差
女主人公,現地主人公
女主人公,執着？
女主人公,海神
女主人公,余命
女主人公,幽閉
女主人公,ひどい話
女主人公,IF戦記
女主人公,ガチャコン２
女主人公,スキル
女主人公,結構訳あり
女主人公,皇帝の隠し子
女主人公,兄弟
女主人公,街外れの一軒家
女主人公,自立するヒロイン
女主人公,配下最強
女主人公,自宅
女主人公,事後
女主人公,バカ殿
女主人公,少しずつ変化する関係
女主人公,狩り
女主人公,儚げ美貌ヒーロー
女主人公,最強魔導師
女主人公,近世風
女主人公,肉食系女子
女主人公,戦国
女主人公,暴君な公爵令息
女主人公,王女、王子
女主人公,糖度高め
女主人公,尊い
女主人公,ざまぁ/ざまあ
女主人公,日常の幸せ
女主人公,クラス召喚
女主人公,美少女じゃない
女主人公,呪われたヒーロー
女主人公,魔法陣
女主人公,最終的にデレデレ
女主人公,策謀
女主人公,森の動物たちとの交流
女主人公,婿入り
女主人公,近づく二人
女主人公,おじさん
女主人公,独占欲
女主人公,愛していた筈
女主人公,不器用
女主人公,召喚拒否で転生
女主人公,失恋
女主人公,もふもふ要素あり
女主人公,入れ替え
女主人公,魔法のある世界の貴族
女主人公,魔術
女主人公,女性視点
女主人公,王太子妃の座
女主人公,現地人主人公
女主人公,おいちーはしわわせ
女主人公,貧乏貴族
女主人公,タイムトラベル
女主人公,城仕え
女主人公,卒業パーティ
女主人公,純粋な王太子殿下
女主人公,錬金
女主人公,スパダリは育てるもの
女主人公,出涸らし皇子
女主人公,貴族の少女
女主人公,修羅場
女主人公,なり上がり
女主人公,裏切り
女主人公,最強の冒険者
女主人公,家族愛
女主人公,パニック発作
女主人公,蝶
女主人公,犬
女主人公,騙されやすい
女主人公,ヒロイン
女主人公,後悔
女主人公,母は皇女様
女主人公,まぁそうなる
女主人公,別視点
女主人公,隠された出生
女主人公,小説
女主人公,主従愛
女主人公,異世界恋愛小説
女主人公,大家さんは常識人
女主人公,ヤングケアラー
女主人公,元妻は幸せに
女主人公,精霊の力
女主人公,契約夫婦（のつもり）
女主人公,謀略
女主人公,王国特殊法
女主人公,母性
女主人公,東洋でも西洋でも可
女主人公,デレデレ
女主人公,剛腕解釈
女主人公,最低な男
女主人公,後宮
女主人公,不遇なイケメン
女主人公,ＢＬ
女主人公,一目惚れ（公爵が)
女主人公,ギャップ萌え
女主人公,平和的で健全
女主人公,毒母
女主人公,R15（保険）
女主人公,愛犬と暮らす
女主人公,貴族令嬢
女主人公,運命の番
女主人公,娘に言うかな！
女主人公,主人公は平凡
女主人公,日本軍
女主人公,魔女
女主人公,白豹
女主人公,成りあがり
女主人公,推理
女主人公,数の暴力
女主人公,欠落人間
女主人公,攻略キャラの婚約者
女主人公,自分勝手
女主人公,自分のできること
女主人公,異世界ファンタジー
女主人公,主人公強い
女主人公,すぺーすふぁんたじー
女主人公,暗号解読
女主人公,ポンコツヒロイン
女主人公,ざまあは少し
女主人公,元工作員
女主人公,ちょい奇跡
女主人公,不憫な令息
女主人公,主人公強め
女主人公,師匠が鬼
女主人公,廃嫡王太子
女主人公,発覚
女主人公,帝位争い
女主人公,勇者召喚
女主人公,架空戦記
女主人公,考え事
女主人公,気まま旅
女主人公,冤罪
女主人公,クソゲー
女主人公,できる男認定
女主人公,現代ダンジョン
女主人公,ハーレム？
女主人公,寝取られ
女主人公,ざまあなし
女主人公,姉がヒロイン
女主人公,多分ハッピーエンド
女主人公,西欧風/中世～近世
女主人公,予想外のざまぁ
女主人公,オカン系男子
女主人公,ネトコン11感想
女主人公,暗躍
女主人公,気付かない
女主人公,一人称
女主人公,魔術を極める
女主人公,宮廷/貴族/陰謀
女主人公,羊木羊
女主人公,異能転生の秘術
女主人公,文書偽造
女主人公,商売
女主人公,剣術大会
女主人公,元夫はそれなりで
女主人公,スキル有り
女主人公,幼なじみ
女主人公,転移
女主人公,ヒーローは誠実
女主人公,主人公最強？
女主人公,なんちゃって異世界
女主人公,イケオジ国王陛下
女主人公,婚約解消を画策
女主人公,上官ざまぁ
女主人公,ガチエンジョイ勢
女主人公,無表情敬語貧乳女兵士
女主人公,ケモミミ
女主人公,戦争
女主人公,父がそこそこダメ親父
女主人公,魔術師ヒーロー
女主人公,会話なし
女主人公,妹のわがまま
女主人公,スープのある暮らし
女主人公,無自覚モラハラ夫
女主人公,ロリ
女主人公,ざまぁの寸前
女主人公,乙女ゲーム開始前
女主人公,虐め
女主人公,残念なヒーロー
女主人公,複雑な事情
女主人公,美少女
女主人公,恋愛初心者
女主人公,完結済み
女主人公,子供が主人公の為
女主人公,仕返し
女主人公,ファンタジー要素
女主人公,サラリーマン
女主人公,婚約者の相手を探す
女主人公,伯爵パパは泣き虫
女主人公,親友
女主人公,激重感情
女主人公,相手的には婚約破棄
女主人公,片思いからの
女主人公,田舎の村
女主人公,ヒロイン複数
女主人公,脳筋令嬢
女主人公,ざまぁは間接的
女主人公,電波系？
女主人公,魔道具クラフト
女主人公,しない
女主人公,愛が重い
女主人公,取り違え
女主人公,ダークファンタジー
女主人公,成長する主人公
女主人公,ライト文芸賞2MF
女主人公,クズ婚約者
女主人公,魔法/魔道具
女主人公,農業
女主人公,病気
女主人公,別れ
女主人公,脇役？
女主人公,両想い
女主人公,転生者/転生者複数
女主人公,外交/内政/政治
女主人公,魅了が解けた後
女主人公,腕時計の交換
女主人公,未来
女主人公,未知のヒロイン
女主人公,人間やめます
女主人公,壊れている少年
女主人公,になるといいな
女主人公,眼鏡
女主人公,ロボット
女主人公,妖精
女主人公,まだ十二歳のはず
女主人公,外れスキル
女主人公,強気令嬢
女主人公,現地現代主人公
女主人公,蟲
女主人公,ブロマンス
女主人公,腹黒義妹
女主人公,形式上の結婚
女主人公,拗らせてる
女主人公,ハーレム環境
女主人公,学園生活
女主人公,研究
女主人公,優秀な弟
女主人公,ちょっとダーク
女主人公,寝取られました。
女主人公,典型的モンスター
女主人公,都会の女
女主人公,虐げられ
女主人公,脱走工作員
女主人公,愛人の存在
女主人公,神官
女主人公,歌姫
女主人公,地元の人々との交流
女主人公,いずれは尽くし系男子
女主人公,蛇出ずっぱり
女主人公,碌な男が居ない
女主人公,ときどきメシテロ
女主人公,ざまあは香る程度
女主人公,たぶん溺愛
女主人公,前世を思い出す
女主人公,処刑シーンあり
女主人公,シリアス/男主人公
女主人公,日常の非日常
女主人公,やるならとことんまで
女主人公,TS
女主人公,結局出家？
女主人公,アイリスIF2大賞
女主人公,ネットスーパー
女主人公,ヘタレ
女主人公,チート？
女主人公,モブキャラ
女主人公,馬鹿な男の失敗談
女主人公,おっさん
女主人公,そのうち追放
女主人公,年上ヒロイン
女主人公,ループもの
女主人公,巫女
女主人公,負け展開なし
女主人公,前世は魔女
女主人公,不出来な兄
女主人公,わりとほのぼの
女主人公,バグ
女主人公,奴隷
女主人公,ドアマット拒否
女主人公,孤児
女主人公,ちょっとシリアス
女主人公,ケットシー
女主人公,嫁ぎ先は天国？
女主人公,ソロ攻略
女主人公,じれじれ
女主人公,帝国
女主人公,微ざまぁ？
女主人公,聖女がわりに神女
女主人公,らぶらぶ？
女主人公,by.みこと。
女主人公,原作知識
女主人公,コメディより
女主人公,悪役王子
女主人公,悪役令嬢未満
女主人公,ざまぁ要素
女主人公,時空魔法
女主人公,チートスキル
女主人公,傭兵
女主人公,新婚
女主人公,ショタ
女主人公,初期スキル
女主人公,子供
女主人公,子供の頃の婚約
女主人公,古典恋愛
女主人公,隠し部屋
女主人公,ガダルカナル島
女主人公,ピンクブロンドの
女主人公,戒律
女主人公,正反対の姉妹
女主人公,女主人公/一人称
女主人公,ラブラブ
女主人公,ゆるふわ設定
女主人公,義姉弟
女主人公,性転換
女主人公,フラグクラッシャー
女主人公,ラブコメ（笑）
女主人公,無自覚最強
女主人公,断られる
女主人公,鈍感
女主人公,元ドアマットヒロイン
女主人公,のほほん
女主人公,ヒロインは現実主義
女主人公,所有物
女主人公,なりかわり
女主人公,不遇な王女
女主人公,幼女転生
女主人公,成長・更生型ヒーロー
女主人公,悪役転生
女主人公,上司
女主人公,初恋成就
女主人公,覇王
女主人公,たまにシリアス
女主人公,前向き
女主人公,不倫
女主人公,神話/民話
女主人公,子爵夫人
女主人公,ギャルゲー
ハッピーエンド,恋愛的ハピエン無し
ハッピーエンド,妹
ハッピーエンド,元サヤなし
ハッピーエンド,意地悪義妹
ハッピーエンド,いずれ主人公最強
ハッピーエンド,冒険者
ハッピーエンド,進化
ハッピーエンド,コンビニ
ハッピーエンド,最強の護衛
ハッピーエンド,ワクチン
ハッピーエンド,しごでき
ハッピーエンド,ミリタリー/戦争
ハッピーエンド,重武器全般
ハッピーエンド,心の救済
ハッピーエンド,ＴＳ
ハッピーエンド,改変派
ハッピーエンド,王弟殿下
ハッピーエンド,開発
ハッピーエンド,モンスター
ハッピーエンド,離縁
ハッピーエンド,やはり権力
ハッピーエンド,わりと暴力で解決
ハッピーエンド,影の英雄
ハッピーエンド,二章は旦那いる
ハッピーエンド,婚約破棄後の話
ハッピーエンド,「察して」NG
ハッピーエンド,人外主人公
ハッピーエンド,ゲーム開始前
ハッピーエンド,クーデレ
ハッピーエンド,ざまぁは微妙
ハッピーエンド,王宮
ハッピーエンド,家出
ハッピーエンド,義兄の愛
ハッピーエンド,賢者
ハッピーエンド,蝶・蜘蛛・雀・蛇・狼
ハッピーエンド,レベルアップ
ハッピーエンド,HJ2021
ハッピーエンド,後の祭り
ハッピーエンド,聖女最強
ハッピーエンド,剣聖
ハッピーエンド,師匠と弟子
ハッピーエンド,成り上がられる側
ハッピーエンド,復讐
ハッピーエンド,魔法料理
ハッピーエンド,帰還後の話
ハッピーエンド,コメディ要素あり
ハッピーエンド,発展スキル
ハッピーエンド,不遇
ハッピーエンド,攻略対象者
ハッピーエンド,後悔先に立たず
ハッピーエンド,醸造
ハッピーエンド,独自生物
ハッピーエンド,両思い
ハッピーエンド,虐待されて育った少女
ハッピーエンド,ステータス
ハッピーエンド,ミリタリー
ハッピーエンド,群像
ハッピーエンド,ビターエンド？
ハッピーエンド,ここから巻き返せるか
ハッピーエンド,ひと時のことと
ハッピーエンド,傍観者
ハッピーエンド,夫の浮気→離婚
ハッピーエンド,曇らせ
ハッピーエンド,成長系
ハッピーエンド,植物チート
ハッピーエンド,策略
ハッピーエンド,オリジナルチャート
ハッピーエンド,捨て子
ハッピーエンド,原作厨
ハッピーエンド,和風
ハッピーエンド,辺境
ハッピーエンド,鑑定スキル
ハッピーエンド,友人
ハッピーエンド,電脳世界
ハッピーエンド,腕力
ハッピーエンド,恋愛要素は薄い
ハッピーエンド,運命の人？
ハッピーエンド,TS転生
ハッピーエンド,人材育成
ハッピーエンド,後妻
ハッピーエンド,領地発展
ハッピーエンド,罪に問われる
ハッピーエンド,縛りプレイ
ハッピーエンド,婚約者は浮気性
ハッピーエンド,手紙
ハッピーエンド,残酷な描写
ハッピーエンド,非暴力
ハッピーエンド,回復要員（物理）
ハッピーエンド,女性主役
ハッピーエンド,転生チート
ハッピーエンド,ESN大賞５
ハッピーエンド,切り替えは早い
ハッピーエンド,異種族
ハッピーエンド,異能
ハッピーエンド,氷属性
ハッピーエンド,これもざまぁ？
ハッピーエンド,婚約者は無の境地
ハッピーエンド,女子高生
ハッピーエンド,信長の○望風
ハッピーエンド,シリアス風味
ハッピーエンド,反射
ハッピーエンド,チートなし
ハッピーエンド,毒と薬
ハッピーエンド,聖女は希少職
ハッピーエンド,主人公最強(いずれ)
ハッピーエンド,妖精猫
ハッピーエンド,かわいい
ハッピーエンド,時代小説
ハッピーエンド,侯爵
ハッピーエンド,特殊性癖
ハッピーエンド,隙だらけの聖女様
ハッピーエンド,失われた魔法
ハッピーエンド,過保護な義父
ハッピーエンド,恋愛無し
ハッピーエンド,時々ダンジョン配信
ハッピーエンド,育児
ハッピーエンド,残酷
ハッピーエンド,壁追加しておきますね
ハッピーエンド,アニメ化
ハッピーエンド,平行世界
ハッピーエンド,戦い
ハッピーエンド,下剋上
ハッピーエンド,入院
ハッピーエンド,ほんのりダーク
ハッピーエンド,やがて主人公最強
ハッピーエンド,スペースオペラ
ハッピーエンド,ハイファンタジー
ハッピーエンド,逆断罪
ハッピーエンド,離婚前提
ハッピーエンド,村娘の怒り
ハッピーエンド,ファンタジー風
ハッピーエンド,ギャグ・コメディ
ハッピーエンド,いずれ強者
ハッピーエンド,実験体
ハッピーエンド,虐げ
ハッピーエンド,男爵令嬢の登場
ハッピーエンド,戦術
ハッピーエンド,ウサギ
ハッピーエンド,転職
ハッピーエンド,美貌の王子
ハッピーエンド,聖獣
ハッピーエンド,バッドエンド？
ハッピーエンド,回避
ハッピーエンド,悪役阻止
ハッピーエンド,ささやかな幸せ
ハッピーエンド,ポンコツ
ハッピーエンド,トラバサミ系ヒロイン
ハッピーエンド,仕事
ハッピーエンド,キモチワルイ人注意報
ハッピーエンド,ダメ夫
ハッピーエンド,魔石
ハッピーエンド,求：不老長寿
ハッピーエンド,魔術学校
ハッピーエンド,ホームドラマ？
ハッピーエンド,手紙や贈り物
ハッピーエンド,佳作
ハッピーエンド,手なづける
ハッピーエンド,生産加工
ハッピーエンド,義両親
ハッピーエンド,実験
ハッピーエンド,没落貴族
ハッピーエンド,ネット小説賞感想希望
ハッピーエンド,助言
ハッピーエンド,乙女小説
ハッピーエンド,婚約指輪と
ハッピーエンド,バズる
ハッピーエンド,伯爵
ハッピーエンド,異世界/ファンタジー
ハッピーエンド,辺境の漢
ハッピーエンド,剣と魔法
ハッピーエンド,瘴気
ハッピーエンド,召喚士
ハッピーエンド,ネトコン12
ハッピーエンド,コミック
ハッピーエンド,友情
ハッピーエンド,攻略対象は優良物件
ハッピーエンド,自衛隊
ハッピーエンド,ヘタレ男子
ハッピーエンド,ゲーム世界への転生
ハッピーエンド,恵まれた生まれ（傀儡
ハッピーエンド,ざまぁなし
ハッピーエンド,DV
ハッピーエンド,Ｒ15
ハッピーエンド,経済
ハッピーエンド,旅たち
ハッピーエンド,魅了魔法
ハッピーエンド,フィジカル
ハッピーエンド,胸糞展開含
ハッピーエンド,異世界移動系
ハッピーエンド,初恋拗らせ
ハッピーエンド,心奪われる
ハッピーエンド,豹変する主人公
ハッピーエンド,ゆっくり進行
ハッピーエンド,魔法xプログラム
ハッピーエンド,スキル制
ハッピーエンド,ラブコメ要素
ハッピーエンド,悪役令嬢はどっち？
ハッピーエンド,ワイン
ハッピーエンド,パーティー追放
ハッピーエンド,修道士
ハッピーエンド,VTuber
ハッピーエンド,ペットが最強
ハッピーエンド,勇者と魔王
ハッピーエンド,姉妹差
ハッピーエンド,才女な令嬢
ハッピーエンド,クズ姉妹
ハッピーエンド,なんちゃって内政
ハッピーエンド,プレイヤー
ハッピーエンド,側室
ハッピーエンド,戦略
ハッピーエンド,迷宮
ハッピーエンド,追放後
ハッピーエンド,田舎者
ハッピーエンド,複雑な気持ち
ハッピーエンド,ある意味足の
ハッピーエンド,意識を失う
ハッピーエンド,研究者
ハッピーエンド,勇者の黒歴史
ハッピーエンド,ハッピーエンド？
ハッピーエンド,夫はクズで愚か
ハッピーエンド,官吏
ハッピーエンド,回復職
ハッピーエンド,それは詐欺です
ハッピーエンド,群像劇
ハッピーエンド,許されない父
ハッピーエンド,計略
ハッピーエンド,大型犬
ハッピーエンド,NTR
ハッピーエンド,ハピエン
ハッピーエンド,国家/民族
ハッピーエンド,プロポーズ
ハッピーエンド,剣
ハッピーエンド,早く別れなさいよ
ハッピーエンド,暴力
ハッピーエンド,不本意ながらハーレム
ハッピーエンド,夫は後悔
ハッピーエンド,片思い
ハッピーエンド,チート有り
ハッピーエンド,集英社小説大賞2
ハッピーエンド,盲目
ハッピーエンド,元王女、大公閣下
ハッピーエンド,国家
ハッピーエンド,厨二
ハッピーエンド,葡萄・ブドウ栽培
ハッピーエンド,心通わす
ハッピーエンド,おっさん・アラサー
ハッピーエンド,魔法具・魔導具
ハッピーエンド,貴族夫婦のありかた
ハッピーエンド,少女
ハッピーエンド,転生？
ハッピーエンド,令息
ハッピーエンド,ゲーム能力
ハッピーエンド,ネット小説大賞
ハッピーエンド,アクション／バトル
ハッピーエンド,恋愛要素あり
ハッピーエンド,クズ夫
ハッピーエンド,時々シリアス
ハッピーエンド,無言の二人
ハッピーエンド,双刃剣
ハッピーエンド,格差姉妹
ハッピーエンド,エセ科学
ハッピーエンド,姉
ハッピーエンド,not婚約解消
ハッピーエンド,ドアマット？
ハッピーエンド,まめまめまめまめ王子
ハッピーエンド,男女逆転憑依
ハッピーエンド,絡み合う視線
ハッピーエンド,鑑定
ハッピーエンド,ハンター
ハッピーエンド,残念ヒロイン
ハッピーエンド,戦士
ハッピーエンド,ネット小説大賞九
ハッピーエンド,田舎
ハッピーエンド,明確な
ハッピーエンド,特別なスライム
ハッピーエンド,獣化
ハッピーエンド,王太子、王
ハッピーエンド,配信
ハッピーエンド,第二王子
ハッピーエンド,ほっこり
ハッピーエンド,アイテム作成
ハッピーエンド,神ゲー
ハッピーエンド,ESN大賞２
ハッピーエンド,地球⇔異世界
ハッピーエンド,最強
ハッピーエンド,重たすぎる片思い
ハッピーエンド,レベル
ハッピーエンド,まさかの
ハッピーエンド,ギャフン
ハッピーエンド,疫病
ハッピーエンド,独自攻略（オリチャー
ハッピーエンド,軍師
ハッピーエンド,酷い言葉を告げる
ハッピーエンド,お飾りの妻
ハッピーエンド,デスゲーム
ハッピーエンド,義理の姉弟
ハッピーエンド,出番ほぼなしの監督局
ハッピーエンド,薬師
ハッピーエンド,無機物転生
ハッピーエンド,歌
ハッピーエンド,平凡
ハッピーエンド,婚約破棄（公爵が)
ハッピーエンド,欲しがり妹
ハッピーエンド,生産系・クラフト系
ハッピーエンド,不憫可愛い聖女様
ハッピーエンド,恋するヒロイン
ハッピーエンド,ピンク髪ヒロイン
ハッピーエンド,幼児
ハッピーエンド,がうがうコン1
ハッピーエンド,嘘の求婚
ハッピーエンド,責任は誰が取る？
ハッピーエンド,夜中に飛び起きる
ハッピーエンド,手掛かりはドレス
ハッピーエンド,虐待表現あり
ハッピーエンド,ゲーム世界
ハッピーエンド,飛行船
ハッピーエンド,義妹に婚約者を
ハッピーエンド,悪魔
ハッピーエンド,領地運営
ハッピーエンド,令嬢は冷静
ハッピーエンド,10歳の娘
ハッピーエンド,他の人物はほぼ背景
ハッピーエンド,手遅れ
ハッピーエンド,爆走
ハッピーエンド,主人公は別れられない
ハッピーエンド,甘やかしたい
ハッピーエンド,転皇でした
ハッピーエンド,虫
ハッピーエンド,ゲーム世界転生
ハッピーエンド,蟹
ハッピーエンド,無情
ハッピーエンド,勇気
ハッピーエンド,異世界召喚
ハッピーエンド,政略
ハッピーエンド,ある意味最強
ハッピーエンド,冷遇
ハッピーエンド,殺人鬼
ハッピーエンド,ぽっちゃり
ハッピーエンド,見えないから仕方ない
ハッピーエンド,スルー力
ハッピーエンド,ある意味一途
ハッピーエンド,狩人
ハッピーエンド,エイリアン
ハッピーエンド,賢者がいっぱい
ハッピーエンド,魔王を倒した後
ハッピーエンド,繊細な婚約者
ハッピーエンド,人外転生
ハッピーエンド,のじゃロリ神
ハッピーエンド,最強主人公（徐々に）
ハッピーエンド,コメディ風味
ハッピーエンド,宮廷
ハッピーエンド,前世の知識
ハッピーエンド,ジョブ
ハッピーエンド,そのうち主人公最強
ハッピーエンド,武力
ハッピーエンド,ユニークスキル
ハッピーエンド,タイムマシン
ハッピーエンド,我慢する
ハッピーエンド,書籍発売中
ハッピーエンド,レアスキル
ハッピーエンド,婚約破棄はしない
ハッピーエンド,道端の石ころ
ハッピーエンド,基本ラブコメ
ハッピーエンド,博士
ハッピーエンド,俺TUEEE
ハッピーエンド,頭の中がうるさい
ハッピーエンド,掲示板
ハッピーエンド,飯テロ
ハッピーエンド,ヒーロー拗らせ
ハッピーエンド,現地主人公
ハッピーエンド,余命
ハッピーエンド,ざまぁはしない
ハッピーエンド,幽閉
ハッピーエンド,ひどい話
ハッピーエンド,ざまぁ？
ハッピーエンド,IF戦記
ハッピーエンド,偽聖女
ハッピーエンド,義母
ハッピーエンド,結構訳あり
ハッピーエンド,皇帝の隠し子
ハッピーエンド,他国に移住
ハッピーエンド,兄弟
ハッピーエンド,配下最強
ハッピーエンド,自宅
ハッピーエンド,事後
ハッピーエンド,少しずつ変化する関係
ハッピーエンド,お忍びの王子
ハッピーエンド,儚げ美貌ヒーロー
ハッピーエンド,聖女？
ハッピーエンド,最強魔導師
ハッピーエンド,近世風
ハッピーエンド,肉食系女子
ハッピーエンド,戦国
ハッピーエンド,暴君な公爵令息
ハッピーエンド,王女、王子
ハッピーエンド,糖度高め
ハッピーエンド,罪の意識
ハッピーエンド,クラス召喚
ハッピーエンド,美少女じゃない
ハッピーエンド,力こそ全て
ハッピーエンド,策謀
ハッピーエンド,近づく二人
ハッピーエンド,おじさん
ハッピーエンド,独占欲
ハッピーエンド,ヒロイン最強説
ハッピーエンド,魔物
ハッピーエンド,愛していた筈
ハッピーエンド,召喚拒否で転生
ハッピーエンド,魔法のある世界の貴族
ハッピーエンド,女性視点
ハッピーエンド,現地人主人公
ハッピーエンド,偶像
ハッピーエンド,おいちーはしわわせ
ハッピーエンド,貧乏貴族
ハッピーエンド,タイムトラベル
ハッピーエンド,妻は自力で幸せに
ハッピーエンド,卒業パーティ
ハッピーエンド,タイムループ
ハッピーエンド,純粋な王太子殿下
ハッピーエンド,not婚約破棄
ハッピーエンド,錬金
ハッピーエンド,スパダリは育てるもの
ハッピーエンド,出涸らし皇子
ハッピーエンド,書籍化進行中
ハッピーエンド,修羅場
ハッピーエンド,なり上がり
ハッピーエンド,ポーション
ハッピーエンド,最強の冒険者
ハッピーエンド,PK
ハッピーエンド,パニック発作
ハッピーエンド,蝶
ハッピーエンド,犬
ハッピーエンド,弱小
ハッピーエンド,後悔
ハッピーエンド,母は皇女様
ハッピーエンド,まぁそうなる
ハッピーエンド,不遇スキル
ハッピーエンド,別視点
ハッピーエンド,隠された出生
ハッピーエンド,村娘
ハッピーエンド,主従愛
ハッピーエンド,大家さんは常識人
ハッピーエンド,事業
ハッピーエンド,元妻は幸せに
ハッピーエンド,クズ王子
ハッピーエンド,悪役ムーブ
ハッピーエンド,謀略
ハッピーエンド,母性
ハッピーエンド,王国特殊法
ハッピーエンド,のんびり
ハッピーエンド,暴走
ハッピーエンド,少しラブコメ？
ハッピーエンド,王配
ハッピーエンド,婚約者のち夫婦
ハッピーエンド,最低な男
ハッピーエンド,ダンジョン
ハッピーエンド,後宮
ハッピーエンド,不遇なイケメン
ハッピーエンド,中二
ハッピーエンド,ＢＬ
ハッピーエンド,一目惚れ（公爵が)
ハッピーエンド,ハンマー
ハッピーエンド,毒母
ハッピーエンド,脳筋スタイル
ハッピーエンド,R15（保険）
ハッピーエンド,ぱわー
ハッピーエンド,妹溺愛
ハッピーエンド,娘に言うかな！
ハッピーエンド,平民
ハッピーエンド,白衣
ハッピーエンド,ダメな見習い神様
ハッピーエンド,主人公は平凡
ハッピーエンド,日本軍
ハッピーエンド,魔女
ハッピーエンド,成りあがり
ハッピーエンド,推理
ハッピーエンド,数の暴力
ハッピーエンド,欠落人間
ハッピーエンド,女性には優しく
ハッピーエンド,ヘビ
ハッピーエンド,攻略キャラの婚約者
ハッピーエンド,すぺーすふぁんたじー
ハッピーエンド,主人公強い
ハッピーエンド,悪役令息
ハッピーエンド,ポンコツヒロイン
ハッピーエンド,作者はアホの子
ハッピーエンド,ざまあは少し
ハッピーエンド,テイマー
ハッピーエンド,ちょい奇跡
ハッピーエンド,不憫な令息
ハッピーエンド,愛し子
ハッピーエンド,主人公強め
ハッピーエンド,師匠が鬼
ハッピーエンド,チョロイン
ハッピーエンド,廃嫡王太子
ハッピーエンド,発覚
ハッピーエンド,帝位争い
ハッピーエンド,勇者召喚
ハッピーエンド,架空戦記
ハッピーエンド,鈍器
ハッピーエンド,考え事
ハッピーエンド,気まま旅
ハッピーエンド,冤罪
ハッピーエンド,クソゲー
ハッピーエンド,VRMMO
ハッピーエンド,現代ダンジョン
ハッピーエンド,開きそうになる
ハッピーエンド,ハーレム？
ハッピーエンド,姉がヒロイン
ハッピーエンド,多分ハッピーエンド
ハッピーエンド,西欧風/中世～近世
ハッピーエンド,予想外のざまぁ
ハッピーエンド,オカン系男子
ハッピーエンド,近未来
ハッピーエンド,ネトコン11感想
ハッピーエンド,暗躍
ハッピーエンド,魔術を極める
ハッピーエンド,宮廷/貴族/陰謀
ハッピーエンド,ご都合展開多少あり
ハッピーエンド,羊木羊
ハッピーエンド,商売
ハッピーエンド,剣術大会
ハッピーエンド,祝福スキル
ハッピーエンド,元夫はそれなりで
ハッピーエンド,スキル有り
ハッピーエンド,転移
ハッピーエンド,主人公最強？
ハッピーエンド,巻き込まれ
ハッピーエンド,なんちゃって異世界
ハッピーエンド,イケオジ国王陛下
ハッピーエンド,婚約解消を画策
ハッピーエンド,OVL大賞7
ハッピーエンド,上官ざまぁ
ハッピーエンド,ガチエンジョイ勢
ハッピーエンド,無表情敬語貧乳女兵士
ハッピーエンド,ケモミミ
ハッピーエンド,戦争
ハッピーエンド,父がそこそこダメ親父
ハッピーエンド,会話なし
ハッピーエンド,無自覚モラハラ夫
ハッピーエンド,ロリ
ハッピーエンド,ざまぁの寸前
ハッピーエンド,乙女ゲーム開始前
ハッピーエンド,虐め
ハッピーエンド,愚かな王
ハッピーエンド,複雑な事情
ハッピーエンド,完結済み
ハッピーエンド,支援職
ハッピーエンド,子供が主人公の為
ハッピーエンド,ファンタジー要素
ハッピーエンド,無双
ハッピーエンド,溺愛する女の子
ハッピーエンド,サラリーマン
ハッピーエンド,婚約者の相手を探す
ハッピーエンド,激重感情
ハッピーエンド,相手的には婚約破棄
ハッピーエンド,主人公最強格予定
ハッピーエンド,自責の念
ハッピーエンド,ヒロイン複数
ハッピーエンド,アイテム
ハッピーエンド,電波系？
ハッピーエンド,ESN大賞３
ハッピーエンド,錬金術
ハッピーエンド,魔道具クラフト
ハッピーエンド,しない
ハッピーエンド,愛が重い
ハッピーエンド,取り違え
ハッピーエンド,ダークファンタジー
ハッピーエンド,二鎚流
ハッピーエンド,成長する主人公
ハッピーエンド,ライト文芸賞2MF
ハッピーエンド,クズ婚約者
ハッピーエンド,魔法/魔道具
ハッピーエンド,農業
ハッピーエンド,業務改革
ハッピーエンド,病気
ハッピーエンド,脇役？
ハッピーエンド,人工知能
ハッピーエンド,両想い
ハッピーエンド,外交/内政/政治
ハッピーエンド,魅了が解けた後
ハッピーエンド,腕時計の交換
ハッピーエンド,転生者/転生者複数
ハッピーエンド,未来
ハッピーエンド,未知のヒロイン
ハッピーエンド,壊れている少年
ハッピーエンド,になるといいな
ハッピーエンド,眼鏡
ハッピーエンド,ロボット
ハッピーエンド,妖精
ハッピーエンド,まだ十二歳のはず
ハッピーエンド,異能力バトル
ハッピーエンド,完全記憶
ハッピーエンド,外れスキル
ハッピーエンド,強気令嬢
ハッピーエンド,旅
ハッピーエンド,現地現代主人公
ハッピーエンド,ボーイズラブ
ハッピーエンド,蟲
ハッピーエンド,ブロマンス
ハッピーエンド,腹黒義妹
ハッピーエンド,形式上の結婚
ハッピーエンド,拗らせてる
ハッピーエンド,ハーレム環境
ハッピーエンド,研究
ハッピーエンド,優秀な弟
ハッピーエンド,ちょっとダーク
ハッピーエンド,寝取られました。
ハッピーエンド,典型的モンスター
ハッピーエンド,都会の女
ハッピーエンド,愛人の存在
ハッピーエンド,神官
ハッピーエンド,愛のない結婚
ハッピーエンド,歌姫
ハッピーエンド,碌な男が居ない
ハッピーエンド,ときどきメシテロ
ハッピーエンド,前世を思い出す
ハッピーエンド,異世界もの
ハッピーエンド,シリアス/男主人公
ハッピーエンド,日常の非日常
ハッピーエンド,やるならとことんまで
ハッピーエンド,魔力なし
ハッピーエンド,TS
ハッピーエンド,結局出家？
ハッピーエンド,ネットスーパー
ハッピーエンド,チート？
ハッピーエンド,モブキャラ
ハッピーエンド,馬鹿な男の失敗談
ハッピーエンド,おっさん
ハッピーエンド,そのうち追放
ハッピーエンド,年上ヒロイン
ハッピーエンド,ループもの
ハッピーエンド,大体バッドエンド
ハッピーエンド,負け展開なし
ハッピーエンド,不出来な兄
ハッピーエンド,バグ
ハッピーエンド,奴隷
ハッピーエンド,ドアマット拒否
ハッピーエンド,ちょっとシリアス
ハッピーエンド,ケットシー
ハッピーエンド,ソロ攻略
ハッピーエンド,帝国
ハッピーエンド,微ざまぁ？
ハッピーエンド,らぶらぶ？
ハッピーエンド,商才
ハッピーエンド,原作知識
ハッピーエンド,コメディより
ハッピーエンド,悪役令嬢未満
ハッピーエンド,ゲーム知識
ハッピーエンド,時空魔法
ハッピーエンド,チートスキル
ハッピーエンド,傭兵
ハッピーエンド,ショタ
ハッピーエンド,少しもふもふ
ハッピーエンド,初期スキル
ハッピーエンド,ホームドラマ
ハッピーエンド,子供
ハッピーエンド,子供の頃の婚約
ハッピーエンド,古典恋愛
ハッピーエンド,苦労人王子
ハッピーエンド,隠し部屋
ハッピーエンド,ガダルカナル島
ハッピーエンド,真のヒーローは不在
ハッピーエンド,第一王子
ハッピーエンド,ピンクブロンドの
ハッピーエンド,戒律
ハッピーエンド,何かの扉が
ハッピーエンド,性転換
ハッピーエンド,フラグクラッシャー
ハッピーエンド,筆頭執事
ハッピーエンド,ラブコメ（笑）
ハッピーエンド,無自覚最強
ハッピーエンド,断られる
ハッピーエンド,男爵令嬢
ハッピーエンド,元ドアマットヒロイン
ハッピーエンド,のほほん
ハッピーエンド,ヒロインは現実主義
ハッピーエンド,所有物
ハッピーエンド,上司
ハッピーエンド,覇王
ハッピーエンド,ギャルゲー
残酷な描写あり,恋愛的ハピエン無し
残酷な描写あり,恋人
残酷な描写あり,学校生活
残酷な描写あり,争奪戦
残酷な描写あり,菩薩系ヒロイン
残酷な描写あり,元サヤなし
残酷な描写あり,意地悪義妹
残酷な描写あり,ヒロインの母
残酷な描写あり,ご飯
残酷な描写あり,意味不明な義妹
残酷な描写あり,紛らわしい
残酷な描写あり,ワクチン
残酷な描写あり,しごでき
残酷な描写あり,仮面夫婦
残酷な描写あり,現実的な野望
残酷な描写あり,改変派
残酷な描写あり,若干ほのぼの
残酷な描写あり,王弟殿下
残酷な描写あり,とりあえず一発殴る
残酷な描写あり,微ざまあ
残酷な描写あり,離縁
残酷な描写あり,やはり権力
残酷な描写あり,わりと暴力で解決
残酷な描写あり,謎宣言返し
残酷な描写あり,動物と会話できる
残酷な描写あり,妻
残酷な描写あり,両者視点
残酷な描写あり,影の英雄
残酷な描写あり,おばあちゃんの知恵
残酷な描写あり,婚約破棄後の話
残酷な描写あり,実は美少女
残酷な描写あり,押し付け合い
残酷な描写あり,「察して」NG
残酷な描写あり,ゲーム開始前
残酷な描写あり,クーデレ
残酷な描写あり,ざまぁは微妙
残酷な描写あり,逃亡
残酷な描写あり,家出
残酷な描写あり,義兄の愛
残酷な描写あり,実家では冷遇
残酷な描写あり,エンターテイメント
残酷な描写あり,事故物件
残酷な描写あり,蝶・蜘蛛・雀・蛇・狼
残酷な描写あり,HJ2021
残酷な描写あり,NL
残酷な描写あり,コメディ要素あり
残酷な描写あり,逆ハーレム
残酷な描写あり,セカンドライフ
残酷な描写あり,攻略対象者
残酷な描写あり,学生
残酷な描写あり,醸造
残酷な描写あり,枕営業
残酷な描写あり,両思い
残酷な描写あり,虐待されて育った少女
残酷な描写あり,土下寝
残酷な描写あり,転生令嬢
残酷な描写あり,ビターエンド？
残酷な描写あり,悪役令嬢人生やり直し
残酷な描写あり,ちょい嫉妬
残酷な描写あり,ここから巻き返せるか
残酷な描写あり,ひと時のことと
残酷な描写あり,傍観者
残酷な描写あり,焦れる
残酷な描写あり,夫の浮気→離婚
残酷な描写あり,メイド
残酷な描写あり,植物チート
残酷な描写あり,策略
残酷な描写あり,隠し子
残酷な描写あり,捨て子
残酷な描写あり,原作厨
残酷な描写あり,ネトコン１２感想
残酷な描写あり,友人
残酷な描写あり,恋愛要素は薄い
残酷な描写あり,運命の人？
残酷な描写あり,若返り
残酷な描写あり,記憶喪失
残酷な描写あり,TS転生
残酷な描写あり,後妻
残酷な描写あり,女性主人公
残酷な描写あり,領地発展
残酷な描写あり,婚約者は浮気性
残酷な描写あり,サレ妻になりたくない
残酷な描写あり,手紙
残酷な描写あり,非暴力
残酷な描写あり,残酷な描写
残酷な描写あり,優男
残酷な描写あり,旦那様
残酷な描写あり,女性主役
残酷な描写あり,ESN大賞５
残酷な描写あり,異種族
残酷な描写あり,長い片思い
残酷な描写あり,これもざまぁ？
残酷な描写あり,婚約者は無の境地
残酷な描写あり,シリアス風味
残酷な描写あり,反射
残酷な描写あり,毒と薬
残酷な描写あり,侍女
残酷な描写あり,かわいい
残酷な描写あり,妖精猫
残酷な描写あり,イチャイチャ
残酷な描写あり,寝取り
残酷な描写あり,侯爵
残酷な描写あり,元傭兵
残酷な描写あり,推し
残酷な描写あり,特殊性癖
残酷な描写あり,狼
残酷な描写あり,思春期真っ只中
残酷な描写あり,ショートショート
残酷な描写あり,頑張る主人公
残酷な描写あり,過保護な義父
残酷な描写あり,ツンツンデレ
残酷な描写あり,恋愛無し
残酷な描写あり,バカ王子
残酷な描写あり,育児
残酷な描写あり,スカッと
残酷な描写あり,一夫多妻
残酷な描写あり,闇落ち回避
残酷な描写あり,両親と姉はクズ
残酷な描写あり,下剋上
残酷な描写あり,甘々
残酷な描写あり,スペースオペラ
残酷な描写あり,逆断罪
残酷な描写あり,離婚前提
残酷な描写あり,思い込み
残酷な描写あり,村娘の怒り
残酷な描写あり,嘘
残酷な描写あり,幸せな結婚？
残酷な描写あり,スタンピード
残酷な描写あり,実験体
残酷な描写あり,ギャグ・コメディ
残酷な描写あり,長女
残酷な描写あり,お嬢様
残酷な描写あり,後書きざまぁ
残酷な描写あり,男爵令嬢の登場
残酷な描写あり,ウサギ
残酷な描写あり,バッドエンド？
残酷な描写あり,侯爵令嬢
残酷な描写あり,コメディ寄り
残酷な描写あり,熊バッジ
残酷な描写あり,回避
残酷な描写あり,悪役阻止
残酷な描写あり,ヤンキー
残酷な描写あり,トラバサミ系ヒロイン
残酷な描写あり,仕事
残酷な描写あり,キモチワルイ人注意報
残酷な描写あり,ダメ夫
残酷な描写あり,小動物
残酷な描写あり,片想い
残酷な描写あり,カフェ
残酷な描写あり,エリートだけど
残酷な描写あり,手紙や贈り物
残酷な描写あり,ヒロイン最強
残酷な描写あり,どうぞどうぞ
残酷な描写あり,可愛い
残酷な描写あり,生産加工
残酷な描写あり,実験
残酷な描写あり,没落貴族
残酷な描写あり,ネット小説賞感想希望
残酷な描写あり,助言
残酷な描写あり,乙女小説
残酷な描写あり,暗号文書
残酷な描写あり,推し活
残酷な描写あり,ワーカホリック
残酷な描写あり,王妃
残酷な描写あり,婚約指輪と
残酷な描写あり,白い結婚？
残酷な描写あり,やきもち焼き
残酷な描写あり,伯爵
残酷な描写あり,アイドル
残酷な描写あり,乙女向け小説
残酷な描写あり,婚姻無効
残酷な描写あり,辺境の漢
残酷な描写あり,愛することはない
残酷な描写あり,瘴気
残酷な描写あり,領域展開
残酷な描写あり,攻略対象は優良物件
残酷な描写あり,強い女性
残酷な描写あり,百合
残酷な描写あり,料理できない人もいる
残酷な描写あり,美形
残酷な描写あり,探偵霊嬢
残酷な描写あり,訳有り
残酷な描写あり,一途なワンコ系女子
残酷な描写あり,姉妹（毒姉）
残酷な描写あり,めざします
残酷な描写あり,魅了魔法
残酷な描写あり,フィジカル
残酷な描写あり,強い主人公
残酷な描写あり,作り話
残酷な描写あり,城で働く人々
残酷な描写あり,皇女
残酷な描写あり,初恋拗らせ
残酷な描写あり,反省したヒーロー
残酷な描写あり,心奪われる
残酷な描写あり,魔法xプログラム
残酷な描写あり,幸せな結婚
残酷な描写あり,元貴族
残酷な描写あり,疑似家族
残酷な描写あり,ブラック職場
残酷な描写あり,四角関係
残酷な描写あり,ざまぁ要素あり
残酷な描写あり,OVL大賞9
残酷な描写あり,ワイン
残酷な描写あり,ざまぁはないです
残酷な描写あり,魔力
残酷な描写あり,VTuber
残酷な描写あり,前向き主人公
残酷な描写あり,なろうRaWi
残酷な描写あり,なんちゃって内政
残酷な描写あり,微エロ
残酷な描写あり,義兄
残酷な描写あり,義妹
残酷な描写あり,つよつよメンタル
残酷な描写あり,今も続く建国神話
残酷な描写あり,悪役令嬢ではない
残酷な描写あり,王
残酷な描写あり,王子、王
残酷な描写あり,追放後
残酷な描写あり,前世の記憶
残酷な描写あり,義娘
残酷な描写あり,複雑な気持ち
残酷な描写あり,田舎者
残酷な描写あり,ヘタレな元夫
残酷な描写あり,かわいいは正義
残酷な描写あり,ある意味足の
残酷な描写あり,兄妹
残酷な描写あり,意識を失う
残酷な描写あり,仲間意識
残酷な描写あり,研究者
残酷な描写あり,勇者の黒歴史
残酷な描写あり,無自覚天才
残酷な描写あり,夫はクズで愚か
残酷な描写あり,謎宣言
残酷な描写あり,サバサバ
残酷な描写あり,タイトルガチャ
残酷な描写あり,それは詐欺です
残酷な描写あり,魔法のある世界
残酷な描写あり,許されない父
残酷な描写あり,恋愛脳
残酷な描写あり,溺愛（猫）
残酷な描写あり,NTR
残酷な描写あり,かなわぬ恋
残酷な描写あり,トラウマ
残酷な描写あり,プロポーズ
残酷な描写あり,早く別れなさいよ
残酷な描写あり,結果オーライ
残酷な描写あり,暴力
残酷な描写あり,切ない
残酷な描写あり,訳アリ婚
残酷な描写あり,基本的に明るい話
残酷な描写あり,不本意ながらハーレム
残酷な描写あり,側妃
残酷な描写あり,夫は後悔
残酷な描写あり,ウブな夫婦
残酷な描写あり,片思い
残酷な描写あり,チート有り
残酷な描写あり,集英社小説大賞2
残酷な描写あり,元王女、大公閣下
残酷な描写あり,訳あり求愛
残酷な描写あり,氷の貴公子
残酷な描写あり,厨二
残酷な描写あり,葡萄・ブドウ栽培
残酷な描写あり,心通わす
残酷な描写あり,恋
残酷な描写あり,おっさん・アラサー
残酷な描写あり,魔法具・魔導具
残酷な描写あり,貴族夫婦のありかた
残酷な描写あり,転生？
残酷な描写あり,死別
残酷な描写あり,アクション／バトル
残酷な描写あり,護衛騎士
残酷な描写あり,時々シリアス
残酷な描写あり,無言の二人
残酷な描写あり,力こそパワー
残酷な描写あり,格差姉妹
残酷な描写あり,姉
残酷な描写あり,not婚約解消
残酷な描写あり,ドアマット？
残酷な描写あり,まめまめまめまめ王子
残酷な描写あり,絡み合う視線
残酷な描写あり,城勤め
残酷な描写あり,ネット小説大賞九
残酷な描写あり,強制力
残酷な描写あり,お互い深読み
残酷な描写あり,田舎
残酷な描写あり,隠し妻
残酷な描写あり,悪役令嬢の母
残酷な描写あり,獣化
残酷な描写あり,王太子、王
残酷な描写あり,盗む女
残酷な描写あり,断罪？
残酷な描写あり,第二王子
残酷な描写あり,西洋風異世界
残酷な描写あり,ほっこり
残酷な描写あり,アレルギー体質
残酷な描写あり,職人
残酷な描写あり,継母
残酷な描写あり,正体を隠す
残酷な描写あり,本当の悪は因果応報
残酷な描写あり,重たすぎる片思い
残酷な描写あり,ギャフン
残酷な描写あり,酷い言葉を告げる
残酷な描写あり,想い人
残酷な描写あり,おうましゃん
残酷な描写あり,ヒーローはゴリクマ
残酷な描写あり,ライトノベル
残酷な描写あり,お飾りの妻
残酷な描写あり,出番ほぼなしの監督局
残酷な描写あり,義理の姉弟
残酷な描写あり,完結
残酷な描写あり,虐待
残酷な描写あり,歌
残酷な描写あり,領地改革
残酷な描写あり,婚約破棄（公爵が)
残酷な描写あり,欲しがり妹
残酷な描写あり,頭脳戦
残酷な描写あり,生産系・クラフト系
残酷な描写あり,猫はお風呂嫌い
残酷な描写あり,商会
残酷な描写あり,恋するヒロイン
残酷な描写あり,ピンク髪ヒロイン
残酷な描写あり,愛人
残酷な描写あり,森の中での暮らし
残酷な描写あり,幼児
残酷な描写あり,呪い
残酷な描写あり,がうがうコン1
残酷な描写あり,嘘の求婚
残酷な描写あり,ベッドふっかふっか
残酷な描写あり,和風もアリ
残酷な描写あり,自業自得
残酷な描写あり,夜中に飛び起きる
残酷な描写あり,令嬢は冷静
残酷な描写あり,10歳の娘
残酷な描写あり,他の人物はほぼ背景
残酷な描写あり,野生児
残酷な描写あり,姉の婚約者
残酷な描写あり,手遅れ
残酷な描写あり,爆走
残酷な描写あり,対人スキルが
残酷な描写あり,主人公は別れられない
残酷な描写あり,公爵令息
残酷な描写あり,口下手令嬢
残酷な描写あり,甘やかしたい
残酷な描写あり,スパダリ
残酷な描写あり,卒業
残酷な描写あり,義理の息子
残酷な描写あり,ゲーム世界転生
残酷な描写あり,蟹
残酷な描写あり,コメディー
残酷な描写あり,意気投合
残酷な描写あり,王子様
残酷な描写あり,無情
残酷な描写あり,最終的に絆される
残酷な描写あり,勇気
残酷な描写あり,ヒドイン
残酷な描写あり,ネコトン１２感想
残酷な描写あり,政略
残酷な描写あり,見えないから仕方ない
残酷な描写あり,ぽっちゃり
残酷な描写あり,ある意味一途
残酷な描写あり,賢者がいっぱい
残酷な描写あり,繊細な婚約者
残酷な描写あり,最強主人公（徐々に）
残酷な描写あり,コメディー要素あり
残酷な描写あり,教師
残酷な描写あり,両想いになるらしい
残酷な描写あり,蛇注意
残酷な描写あり,邪魔者は消えろ
残酷な描写あり,我慢する
残酷な描写あり,婚約破棄はしない
残酷な描写あり,微ヤンデレ
残酷な描写あり,道端の石ころ
残酷な描写あり,基本ラブコメ
残酷な描写あり,王女
残酷な描写あり,暗殺者
残酷な描写あり,頭の中がうるさい
残酷な描写あり,ちょっとざまぁかも？
残酷な描写あり,ドアマット
残酷な描写あり,美しい騎士
残酷な描写あり,戦争シーンあり
残酷な描写あり,冒険の旅
残酷な描写あり,辺境伯
残酷な描写あり,ちょっと歳の差
残酷な描写あり,どんでん返し
残酷な描写あり,海神
残酷な描写あり,ざまぁはしない
残酷な描写あり,幽閉
残酷な描写あり,執着愛
残酷な描写あり,ひどい話
残酷な描写あり,ガチャコン２
残酷な描写あり,守銭奴
残酷な描写あり,義母
残酷な描写あり,ご飯が美味しい
残酷な描写あり,魔法薬師
残酷な描写あり,街外れの一軒家
残酷な描写あり,特殊な家庭育ち
残酷な描写あり,少しずつ変化する関係
残酷な描写あり,お忍びの王子
残酷な描写あり,狩り
残酷な描写あり,聖女？
残酷な描写あり,肉食系女子
残酷な描写あり,王女、王子
残酷な描写あり,糖度高め
残酷な描写あり,尊い
残酷な描写あり,ざまぁ/ざまあ
残酷な描写あり,日常の幸せ
残酷な描写あり,罪の意識
残酷な描写あり,最終的にデレデレ
残酷な描写あり,呪われたヒーロー
残酷な描写あり,森の動物たちとの交流
残酷な描写あり,婿入り
残酷な描写あり,ある意味ざまぁ
残酷な描写あり,近づく二人
残酷な描写あり,独占欲
残酷な描写あり,ヒロイン最強説
残酷な描写あり,愛していた筈
残酷な描写あり,転生王子
残酷な描写あり,失恋
残酷な描写あり,悪役姉妹の確執
残酷な描写あり,もふもふ要素あり
残酷な描写あり,ガチ恋
残酷な描写あり,入れ替え
残酷な描写あり,魔法のある世界の貴族
残酷な描写あり,魔術
残酷な描写あり,王太子妃の座
残酷な描写あり,没落令嬢
残酷な描写あり,嫌みな婚約者
残酷な描写あり,偶像
残酷な描写あり,おいちーはしわわせ
残酷な描写あり,貧乏貴族
残酷な描写あり,超能力
残酷な描写あり,城仕え
残酷な描写あり,妻は自力で幸せに
残酷な描写あり,二度目は一途
残酷な描写あり,卒業パーティ
残酷な描写あり,妊娠
残酷な描写あり,タイムループ
残酷な描写あり,not婚約破棄
残酷な描写あり,嘘コク
残酷な描写あり,映画スター
残酷な描写あり,錬金
残酷な描写あり,スパダリは育てるもの
残酷な描写あり,貴族の少女
残酷な描写あり,鈍感過ぎる
残酷な描写あり,なり上がり
残酷な描写あり,家族愛
残酷な描写あり,パニック発作
残酷な描写あり,ちょっとざまぁ
残酷な描写あり,犬
残酷な描写あり,蝶
残酷な描写あり,騙されやすい
残酷な描写あり,前向き遺伝子ヒロイン
残酷な描写あり,ヒロイン
残酷な描写あり,後悔
残酷な描写あり,まぁそうなる
残酷な描写あり,前世
残酷な描写あり,別視点
残酷な描写あり,小説
残酷な描写あり,村娘
残酷な描写あり,主従愛
残酷な描写あり,異世界恋愛小説
残酷な描写あり,ヤングケアラー
残酷な描写あり,元妻は幸せに
残酷な描写あり,ドアマットヒロイン？
残酷な描写あり,花粉症
残酷な描写あり,クズ王子
残酷な描写あり,契約夫婦（のつもり）
残酷な描写あり,母性
残酷な描写あり,王国特殊法
残酷な描写あり,東洋でも西洋でも可
残酷な描写あり,暴走
残酷な描写あり,王配
残酷な描写あり,剛腕解釈
残酷な描写あり,婚約者のち夫婦
残酷な描写あり,最低な男
残酷な描写あり,家族以外みんないい人
残酷な描写あり,不遇なイケメン
残酷な描写あり,中二
残酷な描写あり,ＢＬ
残酷な描写あり,一目惚れ（公爵が)
残酷な描写あり,ギャップ萌え
残酷な描写あり,平和的で健全
残酷な描写あり,病弱令嬢
残酷な描写あり,R15（保険）
残酷な描写あり,愛犬と暮らす
残酷な描写あり,貴族令嬢
残酷な描写あり,妹溺愛
残酷な描写あり,不憫属性ヒーロー
残酷な描写あり,国王
残酷な描写あり,娘に言うかな！
残酷な描写あり,ダメな見習い神様
残酷な描写あり,王都
残酷な描写あり,数の暴力
残酷な描写あり,夫婦
残酷な描写あり,欠落人間
残酷な描写あり,ガチの悪役
残酷な描写あり,攻略キャラの婚約者
残酷な描写あり,自分勝手
残酷な描写あり,幼馴染
残酷な描写あり,護衛
残酷な描写あり,自分のできること
残酷な描写あり,異世界ファンタジー
残酷な描写あり,すぺーすふぁんたじー
残酷な描写あり,悪役令息
残酷な描写あり,暗号解読
残酷な描写あり,ポンコツヒロイン
残酷な描写あり,作者はアホの子
残酷な描写あり,愛し愛されたい
残酷な描写あり,悲恋？
残酷な描写あり,元工作員
残酷な描写あり,不憫な令息
残酷な描写あり,愛し子
残酷な描写あり,チョロイン
残酷な描写あり,廃嫡王太子
残酷な描写あり,考え事
残酷な描写あり,令嬢もの
残酷な描写あり,できる男認定
残酷な描写あり,開きそうになる
残酷な描写あり,寝取られ
残酷な描写あり,ざまあなし
残酷な描写あり,姉がヒロイン
残酷な描写あり,公爵様
残酷な描写あり,多分ハッピーエンド
残酷な描写あり,予想外のざまぁ
残酷な描写あり,正義は勝つ
残酷な描写あり,拗らせヒーロー
残酷な描写あり,魔術を極める
残酷な描写あり,ご都合展開多少あり
残酷な描写あり,異能転生の秘術
残酷な描写あり,文書偽造
残酷な描写あり,剣術大会
残酷な描写あり,祝福スキル
残酷な描写あり,元夫はそれなりで
残酷な描写あり,顔を知らぬまま結婚式
残酷な描写あり,ざまぁ／ざまあ
残酷な描写あり,昼メロ風味
残酷な描写あり,なんちゃって異世界
残酷な描写あり,明るめの話を
残酷な描写あり,婚約解消を画策
残酷な描写あり,OVL大賞7
残酷な描写あり,花粉は宿敵
残酷な描写あり,上官ざまぁ
残酷な描写あり,無表情敬語貧乳女兵士
残酷な描写あり,父がそこそこダメ親父
残酷な描写あり,会話なし
残酷な描写あり,妹のわがまま
残酷な描写あり,スープのある暮らし
残酷な描写あり,無自覚モラハラ夫
残酷な描写あり,乙女ゲーム開始前
残酷な描写あり,ざまぁの寸前
残酷な描写あり,残念なヒーロー
残酷な描写あり,婚約者はクソ野郎様
残酷な描写あり,留学
残酷な描写あり,徐々にヤンデレ
残酷な描写あり,恋愛初心者
残酷な描写あり,猫人
残酷な描写あり,子供が主人公の為
残酷な描写あり,仕返し
残酷な描写あり,文官
残酷な描写あり,転生悪役令嬢
残酷な描写あり,溺愛する女の子
残酷な描写あり,婚約者の相手を探す
残酷な描写あり,親友
残酷な描写あり,相手的には婚約破棄
残酷な描写あり,自責の念
残酷な描写あり,片思いからの
残酷な描写あり,田舎の村
残酷な描写あり,脳筋令嬢
残酷な描写あり,電波系？
残酷な描写あり,ESN大賞３
残酷な描写あり,錬金術
残酷な描写あり,しない
残酷な描写あり,愛が重い
残酷な描写あり,外交官
残酷な描写あり,農業
残酷な描写あり,別れ
残酷な描写あり,魅了が解けた後
残酷な描写あり,腕時計の交換
残酷な描写あり,未知のヒロイン
残酷な描写あり,人間やめます
残酷な描写あり,壊れている少年
残酷な描写あり,眼鏡
残酷な描写あり,妖精
残酷な描写あり,まだ十二歳のはず
残酷な描写あり,強気令嬢
残酷な描写あり,恋愛まで辿り着かない
残酷な描写あり,ブロマンス
残酷な描写あり,形式上の結婚
残酷な描写あり,拗らせてる
残酷な描写あり,ハーレム環境
残酷な描写あり,妻と認めた覚えは無い
残酷な描写あり,学園生活
残酷な描写あり,研究
残酷な描写あり,年下ヒーロー
残酷な描写あり,怒涛の展開
残酷な描写あり,都会の女
残酷な描写あり,虐げられ
残酷な描写あり,脱走工作員
残酷な描写あり,愛人の存在
残酷な描写あり,歌姫
残酷な描写あり,地元の人々との交流
残酷な描写あり,いずれは尽くし系男子
残酷な描写あり,蛇出ずっぱり
残酷な描写あり,碌な男が居ない
残酷な描写あり,前世を思い出す
残酷な描写あり,たぶん溺愛
残酷な描写あり,異世界もの
残酷な描写あり,余りもの令息
残酷な描写あり,やるならとことんまで
残酷な描写あり,結局出家？
残酷な描写あり,アイリスIF2大賞
残酷な描写あり,ヘタレ
残酷な描写あり,馬鹿な男の失敗談
残酷な描写あり,ヒロインはヒドイン
残酷な描写あり,年上ヒロイン
残酷な描写あり,大体バッドエンド
残酷な描写あり,巫女
残酷な描写あり,負け展開なし
残酷な描写あり,愛されなかった妻
残酷な描写あり,前世は魔女
残酷な描写あり,わりとほのぼの
残酷な描写あり,ドアマット拒否
残酷な描写あり,ちょっとシリアス
残酷な描写あり,ケットシー
残酷な描写あり,嫁ぎ先は天国？
残酷な描写あり,じれじれ
残酷な描写あり,帝国
残酷な描写あり,お金
残酷な描写あり,聖女がわりに神女
残酷な描写あり,不屈の精神
残酷な描写あり,by.みこと。
残酷な描写あり,原作知識
残酷な描写あり,聖女召喚
残酷な描写あり,悪役令嬢未満
残酷な描写あり,ざまぁ要素
残酷な描写あり,チートスキル
残酷な描写あり,新婚
残酷な描写あり,少しもふもふ
残酷な描写あり,子供の頃の婚約
残酷な描写あり,古典恋愛
残酷な描写あり,苦労人王子
残酷な描写あり,真のヒーローは不在
残酷な描写あり,誓約魔法
残酷な描写あり,第一王子
残酷な描写あり,ピンクブロンドの
残酷な描写あり,何かの扉が
残酷な描写あり,正反対の姉妹
残酷な描写あり,女主人公/一人称
残酷な描写あり,ラブラブ
残酷な描写あり,義姉弟
残酷な描写あり,性転換
残酷な描写あり,筆頭執事
残酷な描写あり,断られる
残酷な描写あり,鈍感
残酷な描写あり,男爵令嬢
残酷な描写あり,ヒロインは現実主義
残酷な描写あり,不遇な王女
残酷な描写あり,幼女転生
残酷な描写あり,成長・更生型ヒーロー
残酷な描写あり,ヒーローは一度目浮気
残酷な描写あり,上司
残酷な描写あり,初恋成就
残酷な描写あり,スクールラブ
残酷な描写あり,たまにシリアス
残酷な描写あり,告白ドッキリ
残酷な描写あり,前向き
残酷な描写あり,不倫
残酷な描写あり,神話/民話
残酷な描写あり,子爵夫人
残酷な描写あり,ギャルゲー
異世界転生,恋愛的ハピエン無し
異世界転生,恋人
異世界転生,学校生活
異世界転生,争奪戦
異世界転生,菩薩系ヒロイン
異世界転生,元サヤなし
異世界転生,意地悪義妹
異世界転生,意味不明な義妹
異世界転生,コンビニ
異世界転生,姉妹の格差
異世界転生,ワクチン
異世界転生,しごでき
異世界転生,重武器全般
異世界転生,仮面夫婦
異世界転生,現実的な野望
異世界転生,ＴＳ
異世界転生,心の救済
異世界転生,とりあえず一発殴る
異世界転生,モンスター
異世界転生,微ざまあ
異世界転生,主従
異世界転生,死に戻り
異世界転生,離縁
異世界転生,やはり権力
異世界転生,謎宣言返し
異世界転生,動物と会話できる
異世界転生,妻
異世界転生,二章は旦那いる
異世界転生,おばあちゃんの知恵
異世界転生,婚約破棄後の話
異世界転生,実は美少女
異世界転生,押し付け合い
異世界転生,「察して」NG
異世界転生,人外主人公
異世界転生,クーデレ
異世界転生,ざまぁは微妙
異世界転生,王宮
異世界転生,家出
異世界転生,実家では冷遇
異世界転生,エンターテイメント
異世界転生,賢者
異世界転生,レベルアップ
異世界転生,後の祭り
異世界転生,聖女最強
異世界転生,身分差恋愛
異世界転生,剣聖
異世界転生,師匠と弟子
異世界転生,NL
異世界転生,復讐
異世界転生,借金
異世界転生,帰還後の話
異世界転生,発展スキル
異世界転生,逆ハーレム
異世界転生,不遇
異世界転生,愛が重いヒーロー
異世界転生,学生
異世界転生,後悔先に立たず
異世界転生,枕営業
異世界転生,独自生物
異世界転生,両思い
異世界転生,群像
異世界転生,土下寝
異世界転生,ビターエンド？
異世界転生,悪役令嬢人生やり直し
異世界転生,ちょい嫉妬
異世界転生,ここから巻き返せるか
異世界転生,焦れる
異世界転生,夫の浮気→離婚
異世界転生,メイド
異世界転生,成長系
異世界転生,植物チート
異世界転生,オリジナルチャート
異世界転生,隠し子
異世界転生,捨て子
異世界転生,契約破棄
異世界転生,ネトコン１２感想
異世界転生,辺境
異世界転生,ざまぁ有り
異世界転生,友人
異世界転生,電脳世界
異世界転生,腕力
異世界転生,運命の人？
異世界転生,若返り
異世界転生,記憶喪失
異世界転生,後妻
異世界転生,女性主人公
異世界転生,領地発展
異世界転生,罪に問われる
異世界転生,縛りプレイ
異世界転生,婚約者は浮気性
異世界転生,手紙
異世界転生,非暴力
異世界転生,優男
異世界転生,旦那様
異世界転生,回復要員（物理）
異世界転生,元魔王
異世界転生,ESN大賞５
異世界転生,切り替えは早い
異世界転生,異種族
異世界転生,氷属性
異世界転生,異能
異世界転生,長い片思い
異世界転生,婚約者は無の境地
異世界転生,王族
異世界転生,女子高生
異世界転生,シリアス風味
異世界転生,反射
異世界転生,チートなし
異世界転生,毒と薬
異世界転生,聖女は希少職
異世界転生,妖精猫
異世界転生,主人公最強(いずれ)
異世界転生,イチャイチャ
異世界転生,かわいい
異世界転生,寝取り
異世界転生,時代小説
異世界転生,侯爵
異世界転生,元傭兵
異世界転生,推し
異世界転生,特殊性癖
異世界転生,狼
異世界転生,思春期真っ只中
異世界転生,ショートショート
異世界転生,頑張る主人公
異世界転生,隙だらけの聖女様
異世界転生,失われた魔法
異世界転生,ツンツンデレ
異世界転生,時々ダンジョン配信
異世界転生,バカ王子
異世界転生,残酷
異世界転生,壁追加しておきますね
異世界転生,スカッと
異世界転生,ズタボロな後悔
異世界転生,闇落ち回避
異世界転生,両親と姉はクズ
異世界転生,公爵令嬢ヒロイン
異世界転生,平行世界
異世界転生,戦い
異世界転生,入院
異世界転生,有能なのは周囲
異世界転生,ほんのりダーク
異世界転生,やがて主人公最強
異世界転生,スペースオペラ
異世界転生,ハイファンタジー
異世界転生,村娘の怒り
異世界転生,ファンタジー風
異世界転生,嘘
異世界転生,幸せな結婚？
異世界転生,スタンピード
異世界転生,実験体
異世界転生,先祖が転生者
異世界転生,虐げ
異世界転生,お嬢様
異世界転生,ギャグ・コメディ
異世界転生,後書きざまぁ
異世界転生,ウサギ
異世界転生,戦術
異世界転生,美貌の王子
異世界転生,侯爵令嬢
異世界転生,バッドエンド？
異世界転生,回避
異世界転生,熊バッジ
異世界転生,ささやかな幸せ
異世界転生,ポンコツ
異世界転生,初恋
異世界転生,トラバサミ系ヒロイン
異世界転生,竜人
異世界転生,キモチワルイ人注意報
異世界転生,仕事
異世界転生,ダメ夫
異世界転生,求：不老長寿
異世界転生,小動物
異世界転生,片想い
異世界転生,魔術学校
異世界転生,カフェ
異世界転生,エリートだけど
異世界転生,ホームドラマ？
異世界転生,佳作
異世界転生,どうぞどうぞ
異世界転生,可愛い
異世界転生,義両親
異世界転生,突然のコメディー
異世界転生,実験
異世界転生,乙女小説
異世界転生,暗号文書
異世界転生,推し活
異世界転生,ワーカホリック
異世界転生,王妃
異世界転生,バズる
異世界転生,白い結婚？
異世界転生,やきもち焼き
異世界転生,アイドル
異世界転生,愛することはない
異世界転生,瘴気
異世界転生,領域展開
異世界転生,コミック
異世界転生,友情
異世界転生,自衛隊
異世界転生,美形
異世界転生,ヘタレ男子
異世界転生,探偵霊嬢
異世界転生,訳有り
異世界転生,ざまぁなし
異世界転生,一途なワンコ系女子
異世界転生,DV
異世界転生,偽装結婚
異世界転生,めざします
異世界転生,姉妹（毒姉）
異世界転生,中世風
異世界転生,Ｒ15
異世界転生,旅たち
異世界転生,魅了魔法
異世界転生,フィジカル
異世界転生,作り話
異世界転生,胸糞展開含
異世界転生,城で働く人々
異世界転生,異世界移動系
異世界転生,中華風
異世界転生,初恋拗らせ
異世界転生,反省したヒーロー
異世界転生,豹変する主人公
異世界転生,君を愛さない
異世界転生,ゆっくり進行
異世界転生,魔法xプログラム
異世界転生,元貴族
異世界転生,疑似家族
異世界転生,スキル制
異世界転生,四角関係
異世界転生,ブラック職場
異世界転生,ラブコメ要素
異世界転生,悪役令嬢はどっち？
異世界転生,パーティー追放
異世界転生,ざまぁはないです
異世界転生,修道士
異世界転生,VTuber
異世界転生,ペットが最強
異世界転生,姉妹差
異世界転生,前向き主人公
異世界転生,クズ姉妹
異世界転生,なろうRaWi
異世界転生,微エロ
異世界転生,義兄
異世界転生,側室
異世界転生,義妹
異世界転生,つよつよメンタル
異世界転生,今も続く建国神話
異世界転生,戦略
異世界転生,王
異世界転生,追放後
異世界転生,田舎者
異世界転生,複雑な気持ち
異世界転生,かわいいは正義
異世界転生,兄妹
異世界転生,意識を失う
異世界転生,仲間意識
異世界転生,研究者
異世界転生,勇者の黒歴史
異世界転生,無自覚天才
異世界転生,夫はクズで愚か
異世界転生,官吏
異世界転生,ハッピーエンド？
異世界転生,謎宣言
異世界転生,タイトルガチャ
異世界転生,それは詐欺です
異世界転生,許されない父
異世界転生,計略
異世界転生,恋愛脳
異世界転生,溺愛（猫）
異世界転生,大型犬
異世界転生,NTR
異世界転生,かなわぬ恋
異世界転生,トラウマ
異世界転生,ハピエン
異世界転生,婚約解消
異世界転生,プロポーズ
異世界転生,早く別れなさいよ
異世界転生,結果オーライ
異世界転生,暴力
異世界転生,天然がゆえ容赦ない
異世界転生,切ない
異世界転生,訳アリ婚
異世界転生,基本的に明るい話
異世界転生,お仕事
異世界転生,側妃
異世界転生,夫は後悔
異世界転生,チート有り
異世界転生,Thanks20th
異世界転生,盲目
異世界転生,国家
異世界転生,思い出泥棒
異世界転生,元王女、大公閣下
異世界転生,訳あり求愛
異世界転生,氷の貴公子
異世界転生,厨二
異世界転生,シンデレラストーリー
異世界転生,恋
異世界転生,おっさん・アラサー
異世界転生,魔法具・魔導具
異世界転生,貴族夫婦のありかた
異世界転生,シリアス？
異世界転生,死別
異世界転生,令息
異世界転生,ゲーム能力
異世界転生,アクション／バトル
異世界転生,クズ夫
異世界転生,護衛騎士
異世界転生,無言の二人
異世界転生,やられたらやり返す
異世界転生,ざまあ要素あり
異世界転生,双刃剣
異世界転生,王太后応援企画
異世界転生,ピヨちゃん
異世界転生,力こそパワー
異世界転生,エセ科学
異世界転生,not婚約解消
異世界転生,ドアマット？
異世界転生,病
異世界転生,男女逆転憑依
異世界転生,絡み合う視線
異世界転生,城勤め
異世界転生,鑑定
異世界転生,ハンター
異世界転生,残念ヒロイン
異世界転生,戦士
異世界転生,お互い深読み
異世界転生,明確な
異世界転生,特別なスライム
異世界転生,悲恋
異世界転生,隠し妻
異世界転生,無自覚
異世界転生,獣化
異世界転生,王太子、王
異世界転生,盗む女
異世界転生,配信
異世界転生,西洋風異世界
異世界転生,神ゲー
異世界転生,アレルギー体質
異世界転生,継母
異世界転生,地球⇔異世界
異世界転生,正体を隠す
異世界転生,本当の悪は因果応報
異世界転生,重たすぎる片思い
異世界転生,まさかの
異世界転生,ギャフン
異世界転生,疫病
異世界転生,独自攻略（オリチャー
異世界転生,軍師
異世界転生,サスペンス
異世界転生,酷い言葉を告げる
異世界転生,想い人
異世界転生,おうましゃん
異世界転生,ヒーローはゴリクマ
異世界転生,ライトノベル
異世界転生,お飾りの妻
異世界転生,出番ほぼなしの監督局
異世界転生,デスゲーム
異世界転生,完結
異世界転生,虐待
異世界転生,歌
異世界転生,平凡
異世界転生,クズ王太子
異世界転生,婚約破棄（公爵が)
異世界転生,頭脳戦
異世界転生,猫はお風呂嫌い
異世界転生,生産系・クラフト系
異世界転生,もう遅い
異世界転生,不憫可愛い聖女様
異世界転生,恋するヒロイン
異世界転生,ピンク髪ヒロイン
異世界転生,愛人
異世界転生,森の中での暮らし
異世界転生,呪い
異世界転生,嘘の求婚
異世界転生,ベッドふっかふっか
異世界転生,和風もアリ
異世界転生,責任は誰が取る？
異世界転生,自業自得
異世界転生,夜中に飛び起きる
異世界転生,手掛かりはドレス
異世界転生,虐待表現あり
異世界転生,胸糞注意
異世界転生,義妹に婚約者を
異世界転生,悪魔
異世界転生,令嬢は冷静
異世界転生,10歳の娘
異世界転生,最強聖女
異世界転生,野生児
異世界転生,姉の婚約者
異世界転生,手遅れ
異世界転生,対人スキルが
異世界転生,主人公は別れられない
異世界転生,公爵令息
異世界転生,口下手令嬢
異世界転生,スパダリ
異世界転生,卒業
異世界転生,義理の息子
異世界転生,蟹
異世界転生,コメディー
異世界転生,あなたを想う
異世界転生,侯爵パパは腹黒
異世界転生,王子様
異世界転生,伯爵令嬢
異世界転生,無情
異世界転生,最終的に絆される
異世界転生,異世界召喚
異世界転生,勇気
異世界転生,因果応報
異世界転生,ネコトン１２感想
異世界転生,政略
異世界転生,殺人鬼
異世界転生,ぽっちゃり
異世界転生,見えないから仕方ない
異世界転生,スルー力
異世界転生,ある意味一途
異世界転生,狩人
異世界転生,エイリアン
異世界転生,賢者がいっぱい
異世界転生,魔王を倒した後
異世界転生,繊細な婚約者
異世界転生,番解消
異世界転生,最強主人公（徐々に）
異世界転生,コメディ風味
異世界転生,宮廷
異世界転生,30代カップル
異世界転生,そのうち主人公最強
異世界転生,武力
異世界転生,悪女
異世界転生,蛇注意
異世界転生,筋肉
異世界転生,タイムマシン
異世界転生,邪魔者は消えろ
異世界転生,書籍発売中
異世界転生,レアスキル
異世界転生,婚約破棄はしない
異世界転生,道端の石ころ
異世界転生,基本ラブコメ
異世界転生,博士
異世界転生,暗殺者
異世界転生,ご都合主義
異世界転生,俺TUEEE
異世界転生,ちょっとざまぁかも？
異世界転生,美しい騎士
異世界転生,戦争シーンあり
異世界転生,冒険の旅
異世界転生,掲示板
異世界転生,ギャグ？
異世界転生,ヒーロー拗らせ
異世界転生,ちょっと歳の差
異世界転生,現地主人公
異世界転生,執着？
異世界転生,どんでん返し
異世界転生,海神
異世界転生,余命
異世界転生,ざまぁはしない
異世界転生,幽閉
異世界転生,執着愛
異世界転生,ひどい話
異世界転生,ざまぁ？
異世界転生,IF戦記
異世界転生,ガチャコン２
異世界転生,憑依
異世界転生,守銭奴
異世界転生,偽聖女
異世界転生,ご飯が美味しい
異世界転生,結構訳あり
異世界転生,したたかヒロイン
異世界転生,街外れの一軒家
異世界転生,特殊な家庭育ち
異世界転生,自立するヒロイン
異世界転生,配下最強
異世界転生,自宅
異世界転生,事後
異世界転生,バカ殿
異世界転生,お忍びの王子
異世界転生,狩り
異世界転生,聖女？
異世界転生,最強魔導師
異世界転生,近世風
異世界転生,肉食系女子
異世界転生,祖父よりも年上の人
異世界転生,戦国
異世界転生,王女、王子
異世界転生,糖度高め
異世界転生,尊い
異世界転生,ざまぁ/ざまあ
異世界転生,演技
異世界転生,日常の幸せ
異世界転生,罪の意識
異世界転生,最終的にデレデレ
異世界転生,美少女じゃない
異世界転生,呪われたヒーロー
異世界転生,力こそ全て
異世界転生,策謀
異世界転生,森の動物たちとの交流
異世界転生,婿入り
異世界転生,ある意味ざまぁ
異世界転生,おじさん
異世界転生,独占欲
異世界転生,愛していた筈
異世界転生,失恋
異世界転生,悪役姉妹の確執
異世界転生,もふもふ要素あり
異世界転生,ガチ恋
異世界転生,入れ替え
異世界転生,魔術
異世界転生,女性視点
異世界転生,王太子妃の座
異世界転生,没落令嬢
異世界転生,嫌みな婚約者
異世界転生,現地人主人公
異世界転生,貧乏貴族
異世界転生,タイムトラベル
異世界転生,超能力
異世界転生,城仕え
異世界転生,妻は自力で幸せに
異世界転生,二度目は一途
異世界転生,卒業パーティ
異世界転生,タイムループ
異世界転生,純粋な王太子殿下
異世界転生,not婚約破棄
異世界転生,嘘コク
異世界転生,映画スター
異世界転生,出涸らし皇子
異世界転生,貴族の少女
異世界転生,書籍化進行中
異世界転生,修羅場
異世界転生,鈍感過ぎる
異世界転生,裏切り
異世界転生,最強の冒険者
異世界転生,PK
異世界転生,嫁ぐ
異世界転生,家族愛
異世界転生,パニック発作
異世界転生,ちょっとざまぁ
異世界転生,犬
異世界転生,蝶
異世界転生,騙されやすい
異世界転生,前向き遺伝子ヒロイン
異世界転生,母は皇女様
異世界転生,別視点
異世界転生,小説
異世界転生,村娘
異世界転生,主従愛
異世界転生,異世界恋愛小説
異世界転生,大家さんは常識人
異世界転生,ヤングケアラー
異世界転生,元妻は幸せに
異世界転生,精霊の力
異世界転生,契約夫婦（のつもり）
異世界転生,クズ王子
異世界転生,悪役ムーブ
異世界転生,謀略
異世界転生,王国特殊法
異世界転生,東洋でも西洋でも可
異世界転生,デレデレ
異世界転生,王配
異世界転生,剛腕解釈
異世界転生,婚約者のち夫婦
異世界転生,最低な男
異世界転生,家族以外みんないい人
異世界転生,後宮
異世界転生,魔法使い
異世界転生,中二
異世界転生,一目惚れ（公爵が)
異世界転生,ギャップ萌え
異世界転生,ハンマー
異世界転生,平和的で健全
異世界転生,毒母
異世界転生,脳筋スタイル
異世界転生,R15（保険）
異世界転生,愛犬と暮らす
異世界転生,ぱわー
異世界転生,貴族令嬢
異世界転生,妹溺愛
異世界転生,ｓ
異世界転生,不憫属性ヒーロー
異世界転生,運命の番
異世界転生,国王
異世界転生,娘に言うかな！
異世界転生,平民
異世界転生,白衣
異世界転生,ダメな見習い神様
異世界転生,王都
異世界転生,主人公は平凡
異世界転生,日本軍
異世界転生,白豹
異世界転生,推理
異世界転生,夫婦
異世界転生,数の暴力
異世界転生,欠落人間
異世界転生,女性には優しく
異世界転生,ガチの悪役
異世界転生,ヘビ
異世界転生,自分勝手
異世界転生,護衛
異世界転生,自分のできること
異世界転生,異世界ファンタジー
異世界転生,主人公強い
異世界転生,すぺーすふぁんたじー
異世界転生,悪役令息
異世界転生,暗号解読
異世界転生,作者はアホの子
異世界転生,ざまあは少し
異世界転生,愛し愛されたい
異世界転生,悲恋？
異世界転生,毒親
異世界転生,元工作員
異世界転生,ちょい奇跡
異世界転生,主人公強め
異世界転生,師匠が鬼
異世界転生,廃嫡王太子
異世界転生,発覚
異世界転生,帝位争い
異世界転生,勇者召喚
異世界転生,騎士団
異世界転生,鈍器
異世界転生,令嬢もの
異世界転生,クソゲー
異世界転生,できる男認定
異世界転生,VRMMO
異世界転生,現代ダンジョン
異世界転生,ハーレム？
異世界転生,寝取られ
異世界転生,ざまあなし
異世界転生,公爵様
異世界転生,多分ハッピーエンド
異世界転生,予想外のざまぁ
異世界転生,正義は勝つ
異世界転生,近未来
異世界転生,ネトコン11感想
異世界転生,拗らせヒーロー
異世界転生,暗躍
異世界転生,気付かない
異世界転生,魔術を極める
異世界転生,ご都合展開多少あり
異世界転生,羊木羊
異世界転生,異能転生の秘術
異世界転生,文書偽造
異世界転生,商売
異世界転生,祝福スキル
異世界転生,元夫はそれなりで
異世界転生,顔を知らぬまま結婚式
異世界転生,スキル有り
異世界転生,幼なじみ
異世界転生,転移
異世界転生,ヒーローは誠実
異世界転生,主人公最強？
異世界転生,昼メロ風味
異世界転生,巻き込まれ
異世界転生,なんちゃって異世界
異世界転生,イケオジ国王陛下
異世界転生,明るめの話を
異世界転生,ガチエンジョイ勢
異世界転生,父がそこそこダメ親父
異世界転生,魔術師ヒーロー
異世界転生,妹のわがまま
異世界転生,スープのある暮らし
異世界転生,無自覚モラハラ夫
異世界転生,ロリ
異世界転生,ざまぁの寸前
異世界転生,虐め
異世界転生,残念なヒーロー
異世界転生,婚約者はクソ野郎様
異世界転生,留学
異世界転生,徐々にヤンデレ
異世界転生,恋愛初心者
異世界転生,猫人
異世界転生,仕返し
異世界転生,欲しがりの妹
異世界転生,文官
異世界転生,ファンタジー要素
異世界転生,溺愛する女の子
異世界転生,伯爵パパは泣き虫
異世界転生,親友
異世界転生,主人公最強格予定
異世界転生,自責の念
異世界転生,片思いからの
異世界転生,田舎の村
異世界転生,脳筋令嬢
異世界転生,愛が重い
異世界転生,取り違え
異世界転生,逆行転生
異世界転生,二鎚流
異世界転生,成長する主人公
異世界転生,ライト文芸賞2MF
異世界転生,外交官
異世界転生,クズ婚約者
異世界転生,農業
異世界転生,辺境伯令息
異世界転生,病気
異世界転生,別れ
異世界転生,脇役？
異世界転生,両想い
異世界転生,魅了が解けた後
異世界転生,人間やめます
異世界転生,壊れている少年
異世界転生,になるといいな
異世界転生,侯爵家
異世界転生,完全記憶
異世界転生,外れスキル
異世界転生,強気令嬢
異世界転生,旅
異世界転生,現地現代主人公
異世界転生,蟲
異世界転生,すれ違い
異世界転生,腹黒義妹
異世界転生,ｋ
異世界転生,拗らせてる
異世界転生,ハーレム環境
異世界転生,妻と認めた覚えは無い
異世界転生,学園生活
異世界転生,研究
異世界転生,怒涛の展開
異世界転生,優秀な弟
異世界転生,典型的モンスター
異世界転生,寝取られました。
異世界転生,都会の女
異世界転生,虐げられ
異世界転生,脱走工作員
異世界転生,愛人の存在
異世界転生,神官
異世界転生,歌姫
異世界転生,地元の人々との交流
異世界転生,いずれは尽くし系男子
異世界転生,蛇出ずっぱり
異世界転生,ざまあは香る程度
異世界転生,ときどきメシテロ
異世界転生,前世を思い出す
異世界転生,たぶん溺愛
異世界転生,異世界もの
異世界転生,処刑シーンあり
異世界転生,日常の非日常
異世界転生,やるならとことんまで
異世界転生,魔力なし
異世界転生,結局出家？
異世界転生,アイリスIF2大賞
異世界転生,ネットスーパー
異世界転生,馬鹿な男の失敗談
異世界転生,ヒロインはヒドイン
異世界転生,年上ヒロイン
異世界転生,ループもの
異世界転生,大体バッドエンド
異世界転生,負け展開なし
異世界転生,前世は魔女
異世界転生,不出来な兄
異世界転生,わりとほのぼの
異世界転生,バグ
異世界転生,孤児
異世界転生,ちょっとシリアス
異世界転生,嫁ぎ先は天国？
異世界転生,ソロ攻略
異世界転生,帝国
異世界転生,微ざまぁ？
異世界転生,聖女がわりに神女
異世界転生,らぶらぶ？
異世界転生,復縁
異世界転生,by.みこと。
異世界転生,聖女召喚
異世界転生,コメディより
異世界転生,ざまぁ要素
異世界転生,時空魔法
異世界転生,チートスキル
異世界転生,傭兵
異世界転生,少しもふもふ
異世界転生,初期スキル
異世界転生,子供
異世界転生,古典恋愛
異世界転生,隠し部屋
異世界転生,恋愛要素薄め
異世界転生,ガダルカナル島
異世界転生,誓約魔法
異世界転生,第一王子
異世界転生,戒律
異世界転生,正反対の姉妹
異世界転生,女主人公/一人称
異世界転生,ラブラブ
異世界転生,フラグクラッシャー
異世界転生,筆頭執事
異世界転生,ラブコメ（笑）
異世界転生,無自覚最強
異世界転生,鈍感
異世界転生,男爵令嬢
異世界転生,元ドアマットヒロイン
異世界転生,のほほん
異世界転生,ヒロインは現実主義
異世界転生,なりかわり
異世界転生,不遇な王女
異世界転生,成長・更生型ヒーロー
異世界転生,ヒーローは一度目浮気
異世界転生,初恋成就
異世界転生,覇王
異世界転生,たまにシリアス
異世界転生,告白ドッキリ
異世界転生,前向き
異世界転生,不倫
異世界転生,神話/民話
異世界転生,子爵夫人
